tier	score	via	gold	filler	cognate	novel	en	fr
S	1.0	retrieve	1	0	0	0	to	tout
S	1.0	retrieve	1	0	0	0	for	forts
S	1.0	retrieve	1	0	0	0	for	fort
S	1.0	retrieve	1	0	0	0	be	by
S	1.0	retrieve	1	0	0	0	or	hors
S	1.0	retrieve	1	0	0	0	we	oui
S	1.0	retrieve	1	0	0	0	me	my
S	1.0	retrieve	1	0	0	0	me	mit
S	1.0	decode	1	0	0	0	more	maures
S	1.0	retrieve	1	0	0	0	do	doux
S	1.0	decode	1	0	0	0	get	guette
S	1.0	decode	1	0	0	0	she	chie
S	1.0	retrieve	1	0	0	0	new	nous
S	1.0	retrieve	1	0	0	0	see	si
S	1.0	retrieve	1	0	0	0	see	ci
S	1.0	retrieve	1	0	0	0	two	tout
S	1.0	retrieve	1	0	0	0	two	to
S	1.0	retrieve	1	0	0	0	too	tout
S	1.0	retrieve	1	0	0	0	too	to
S	1.0	retrieve	1	0	0	0	feel	fils
S	1.0	retrieve	1	0	0	0	feel	file
S	1.0	retrieve	1	0	0	0	team	tim
S	1.0	decode	1	0	0	0	ever	ève
S	1.0	retrieve	1	0	0	0	set	sept
S	1.0	retrieve	1	0	0	0	set	cette
S	1.0	retrieve	1	0	1	0	group	groupes
S	1.0	retrieve	1	0	1	0	group	groupe
S	1.0	decode	1	0	0	0	read	ride
S	1.0	retrieve	1	0	0	0	mean	mines
S	1.0	retrieve	1	0	0	0	mean	mine
S	1.0	retrieve	1	0	0	0	tell	tels
S	1.0	retrieve	1	0	0	0	tell	telles
S	1.0	retrieve	1	0	0	0	call	colle
S	1.0	retrieve	1	0	0	0	call	col
S	1.0	retrieve	1	0	0	0	men	mène
S	1.0	retrieve	1	0	0	0	less	laissent
S	1.0	retrieve	1	0	0	0	less	laisse
S	1.0	retrieve	1	0	0	0	least	listes
S	1.0	retrieve	1	0	0	0	least	liste
S	1.0	retrieve	1	0	0	0	true	trous
S	1.0	retrieve	1	0	0	0	true	trou
S	1.0	retrieve	1	0	1	0	air	ère
S	1.0	retrieve	1	0	1	0	air	aire
S	1.0	retrieve	1	0	0	0	due	doux
S	1.0	decode	1	0	1	0	police	pelisse
S	1.0	decode	1	0	0	0	short	short
S	1.0	decode	1	0	0	0	red	raid
S	1.0	retrieve	1	0	1	0	form	formes
S	1.0	retrieve	1	0	1	0	form	forment
S	1.0	retrieve	1	0	1	0	west	ouest
S	1.0	retrieve	1	0	0	0	former	formes
S	1.0	retrieve	1	0	0	0	former	forment
S	1.0	decode	1	0	0	0	meet	mites
S	1.0	decode	1	1	0	1	de	de
S	1.0	retrieve	1	0	0	0	re	riz
S	1.0	retrieve	1	0	0	0	rest	restes
S	1.0	retrieve	1	0	0	0	rest	restent
S	1.0	retrieve	1	0	1	0	sex	sexe
S	1.0	retrieve	1	0	0	0	knew	nous
S	1.0	retrieve	1	0	0	0	share	chère
S	1.0	retrieve	1	0	0	0	share	chers
S	1.0	retrieve	1	0	1	0	test	tests
S	1.0	retrieve	1	0	1	0	press	presse
S	1.0	retrieve	1	0	0	0	fall	folle
S	1.0	retrieve	1	0	1	0	league	ligue
S	1.0	decode	1	0	0	0	step	steppes
S	1.0	retrieve	1	0	0	0	key	qui
S	1.0	decode	1	0	0	0	led	laide
S	1.0	retrieve	1	0	0	0	born	bornes
S	1.0	retrieve	1	0	0	0	met	mettent
S	1.0	retrieve	1	0	0	0	super	soupe
S	1.0	retrieve	1	0	0	0	daughter	dort
S	1.0	retrieve	1	0	0	0	daughter	dors
S	1.0	retrieve	1	0	0	0	sea	si
S	1.0	retrieve	1	0	0	0	sea	ci
S	1.0	decode	1	0	0	0	sleep	slip
S	1.0	retrieve	1	0	0	0	ball	bol
S	1.0	decode	1	0	0	1	paul	paul
S	1.0	decode	1	0	0	0	store	stores
S	1.0	retrieve	1	0	0	0	beat	bite
S	1.0	retrieve	1	0	0	0	text	textes
S	1.0	retrieve	1	0	0	0	text	texte
S	1.0	decode	1	0	0	0	cross	cross
S	1.0	retrieve	1	0	1	0	sort	sortes
S	1.0	retrieve	1	0	1	0	sort	sortent
S	1.0	retrieve	1	0	0	0	fair	fer
S	1.0	retrieve	1	0	0	0	fair	faire
S	1.0	retrieve	1	0	0	0	sell	sel
S	1.0	retrieve	1	0	0	0	sell	celles
S	1.0	retrieve	1	0	0	1	pre	prix
S	1.0	retrieve	1	0	0	1	pre	prit
S	1.0	retrieve	1	0	0	0	rule	roule
A	0.87	retrieve	0	0	1	0	respect	respecte
A	0.868	retrieve	0	0	0	0	pretty	prix
A	0.868	retrieve	0	0	0	0	pretty	prit
A	0.864	retrieve	0	0	0	0	media	midi
A	0.864	retrieve	0	0	0	0	daily	délit
A	0.85	retrieve	0	0	0	0	director	directe
A	0.85	retrieve	0	0	0	0	director	direct
A	0.848	retrieve	0	0	1	0	groups	groupes
A	0.848	retrieve	0	0	1	0	groups	groupe
A	0.847	decode	0	0	0	0	friend	freine
A	0.847	retrieve	0	0	0	0	extra	extraits
A	0.847	retrieve	0	0	0	0	extra	extrait
A	0.844	retrieve	0	0	0	0	released	listes
A	0.844	retrieve	0	0	0	0	released	liste
A	0.839	retrieve	0	0	1	0	western	ouest
A	0.833	retrieve	0	0	0	0	like	lac
A	0.833	decode	0	0	0	0	right	rate
A	0.833	retrieve	0	0	0	0	down	dan
A	0.833	retrieve	0	0	0	0	might	matt
A	0.833	decode	0	0	0	0	night	nattes
A	0.833	retrieve	0	0	0	0	live	lave
A	0.833	decode	0	0	0	0	white	watts
A	0.833	retrieve	0	0	0	0	guys	gaz
A	0.833	decode	0	0	0	0	light	latte
A	0.833	decode	0	0	0	0	phone	faune
A	0.833	retrieve	0	0	0	0	type	tape
A	0.833	decode	0	0	0	0	road	rôde
A	0.833	retrieve	0	0	0	0	fine	fans
A	0.833	retrieve	0	0	0	0	fine	fan
A	0.833	retrieve	0	0	0	0	shows	choses
A	0.833	retrieve	0	0	1	0	role	rôles
A	0.833	retrieve	0	0	1	0	role	rôle
A	0.833	retrieve	0	0	1	0	vote	votes
A	0.833	retrieve	0	0	0	0	code	codes
A	0.833	retrieve	0	0	0	0	goal	gaulle
A	0.833	retrieve	0	0	0	0	mine	man
A	0.833	retrieve	0	0	1	0	note	notes
A	0.833	decode	0	0	0	0	write	rate
A	0.833	decode	0	0	0	0	pro	pro
A	0.829	retrieve	0	0	0	0	or	ordres
A	0.828	retrieve	0	0	1	0	test	testé
A	0.827	retrieve	0	0	1	0	except	accepte
A	0.822	decode	0	0	0	0	really	relie
A	0.818	decode	0	0	0	0	series	cerise
A	0.818	decode	0	0	0	0	drive	drive
A	0.818	retrieve	0	0	0	0	create	crier
A	0.816	retrieve	0	0	0	0	lead	liquide
A	0.816	retrieve	0	0	0	0	leader	liquide
A	0.816	retrieve	0	0	0	0	stories	autorise
A	0.815	retrieve	0	0	0	0	better	bière
A	0.815	retrieve	0	0	0	0	seen	signes
A	0.815	retrieve	0	0	0	0	men	mienne
A	0.815	decode	0	0	0	1	york	orques
A	0.815	decode	0	0	0	0	weeks	x
A	0.815	retrieve	0	0	0	0	ten	tiennent
A	0.815	retrieve	0	0	0	0	ten	tienne
A	0.815	retrieve	0	0	0	0	scene	signes
A	0.814	retrieve	0	0	0	0	best	bêtes
A	0.814	retrieve	0	0	0	0	best	bête
A	0.814	decode	0	0	0	0	school	coule
A	0.814	retrieve	0	0	0	0	talk	stock
A	0.814	decode	0	0	0	0	lost	lotte
A	0.814	retrieve	0	0	1	0	check	chèque
A	0.814	retrieve	0	0	0	0	cost	cote
A	0.814	retrieve	0	0	1	0	sex	sec
A	0.814	retrieve	0	0	0	0	center	seine
A	0.814	retrieve	0	0	0	0	center	scènes
A	0.814	retrieve	0	0	0	0	sense	seine
A	0.814	retrieve	0	0	0	0	sense	scènes
A	0.814	decode	0	0	0	0	event	veine
A	0.814	retrieve	0	0	1	0	press	prêts
A	0.814	retrieve	0	0	0	0	sent	seine
A	0.814	retrieve	0	0	0	0	sent	scènes
A	0.814	retrieve	0	0	0	0	property	prix
A	0.814	retrieve	0	0	0	0	property	prit
A	0.814	retrieve	0	0	0	0	met	metz
A	0.814	retrieve	0	0	0	0	piece	pistes
A	0.814	retrieve	0	0	0	0	piece	piste
A	0.814	retrieve	0	0	0	0	speak	pique
A	0.814	retrieve	0	0	0	0	speak	pic
A	0.814	retrieve	0	0	0	0	peace	pistes
A	0.814	retrieve	0	0	0	0	peace	piste
A	0.814	retrieve	0	0	0	0	centre	seine
A	0.814	retrieve	0	0	0	0	centre	scènes
A	0.814	retrieve	0	0	0	0	letter	lettres
A	0.814	retrieve	0	0	0	0	letter	lettre
A	0.814	retrieve	0	0	0	0	meant	mène
A	0.814	retrieve	0	0	0	0	reach	riches
A	0.814	retrieve	0	0	0	0	reach	riche
A	0.813	retrieve	0	0	1	0	respect	aspects
A	0.812	retrieve	0	0	0	0	called	colle
A	0.812	retrieve	0	0	0	0	called	col
A	0.812	retrieve	0	0	0	0	process	princesse
A	0.812	retrieve	0	0	0	0	field	fils
A	0.812	retrieve	0	0	0	0	field	file
A	0.812	retrieve	0	0	0	0	send	seine
A	0.812	retrieve	0	0	0	0	send	scènes
A	0.812	retrieve	0	0	1	0	lord	lors
A	0.812	retrieve	0	0	0	0	degree	gris
A	0.811	retrieve	0	0	0	0	regular	règles
A	0.811	retrieve	0	0	0	0	regular	règle
A	0.81	retrieve	0	0	0	0	trust	triste
A	0.81	decode	0	0	0	0	effect	infecte
A	0.809	retrieve	0	0	0	0	let	lettres
A	0.809	retrieve	0	0	0	0	let	lettre
A	0.809	retrieve	0	0	1	0	order	ordres
A	0.809	retrieve	0	0	1	0	order	ordre
A	0.809	retrieve	0	0	0	0	court	côtes
A	0.809	retrieve	0	0	0	0	court	côte
A	0.809	retrieve	0	0	0	0	leave	livres
A	0.809	retrieve	0	0	0	0	leave	livre
A	0.809	retrieve	0	0	1	0	force	fausses
A	0.809	retrieve	0	0	1	0	force	fausse
A	0.809	retrieve	0	0	0	0	guess	grèce
A	0.809	decode	0	0	0	0	brought	bottes
A	0.809	retrieve	0	0	0	0	source	sauce
A	0.809	retrieve	0	0	0	0	born	bonnes
A	0.809	decode	0	0	0	0	release	lisse
A	0.809	retrieve	0	0	0	0	expect	experts
A	0.809	retrieve	0	0	0	0	expect	expert
A	0.809	retrieve	0	0	0	0	pressure	pêche
A	0.809	decode	0	0	0	0	credit	crête
A	0.808	decode	0	0	0	0	please	plie
A	0.808	retrieve	0	0	0	0	means	mines
A	0.808	retrieve	0	0	0	0	means	mine
A	0.808	retrieve	0	0	0	0	street	triste
A	0.808	decode	0	0	0	0	seems	cime
A	0.808	decode	0	0	0	0	ground	grade
A	0.808	retrieve	0	0	0	0	rules	roule
A	0.808	retrieve	0	0	0	0	teams	tim
A	0.807	decode	0	0	0	0	again	gaine
A	0.807	retrieve	0	0	0	0	agree	gris
A	0.802	decode	0	0	0	0	friends	freine
A	0.802	retrieve	0	0	0	0	self	sel
A	0.802	retrieve	0	0	0	0	self	celles
A	0.802	retrieve	0	0	0	0	green	gris
A	0.802	retrieve	0	0	0	0	meant	mettent
A	0.801	retrieve	0	0	0	0	success	cesse
A	0.8	decode	0	0	0	0	french	fraîches
A	0.798	retrieve	0	0	0	0	next	textes
A	0.798	retrieve	0	0	0	0	next	texte
A	0.795	decode	0	0	0	0	etc	s être
A	0.793	retrieve	0	0	0	0	part	partent
A	0.793	retrieve	0	0	1	0	north	nord
A	0.793	retrieve	0	0	1	0	star	stars
A	0.793	decode	0	0	0	0	sorry	sari
A	0.793	retrieve	0	0	1	0	park	parcs
A	0.793	retrieve	0	0	1	0	park	parc
A	0.793	retrieve	0	0	1	0	mark	marques
A	0.793	retrieve	0	0	1	0	mark	marque
A	0.793	retrieve	0	0	0	0	truth	trous
A	0.793	retrieve	0	0	0	0	truth	trou
A	0.793	decode	0	0	0	0	card	carde
A	0.793	decode	0	0	0	0	drop	drape
A	0.791	retrieve	0	0	0	0	better	bernard
A	0.791	decode	0	0	0	0	child	tchad
A	0.791	retrieve	0	0	0	0	style	stable
A	0.79	decode	0	0	0	0	morning	morne
A	0.789	retrieve	0	0	0	0	keep	équipes
A	0.789	retrieve	0	0	0	0	keep	équipe
A	0.789	retrieve	0	0	0	0	rule	rouler
A	0.788	retrieve	0	0	0	0	still	style
A	0.788	retrieve	0	0	0	0	city	syrie
A	0.788	retrieve	0	0	0	0	course	corse
A	0.788	retrieve	0	0	1	0	list	listes
A	0.788	retrieve	0	0	1	0	list	liste
A	0.788	decode	0	0	0	0	board	borde
A	0.788	retrieve	0	0	1	0	film	films
A	0.788	retrieve	0	0	1	0	risk	risques
A	0.788	retrieve	0	0	1	0	risk	risque
A	0.788	decode	0	0	0	0	quick	couic
A	0.786	retrieve	0	0	0	0	by	bat
A	0.786	retrieve	0	0	0	0	by	bas
A	0.786	retrieve	0	0	0	0	my	ma
A	0.786	retrieve	0	0	0	0	so	saut
A	0.786	retrieve	0	0	0	0	out	hâte
A	0.786	retrieve	0	0	0	0	no	nos
A	0.786	retrieve	0	0	0	0	now	na
A	0.786	retrieve	0	0	0	0	know	nos
A	0.786	retrieve	0	0	0	0	know	no
A	0.786	decode	0	0	0	0	go	go
A	0.786	retrieve	0	0	0	0	may	mes
A	0.786	retrieve	0	0	0	0	day	des
A	0.786	decode	0	0	0	0	why	ouah
A	0.786	retrieve	0	0	0	0	say	ses
A	0.786	retrieve	0	0	0	0	say	ces
A	0.786	decode	0	0	0	0	own	aune
A	0.786	retrieve	0	0	0	0	show	chaud
A	0.786	retrieve	0	0	0	0	power	pas
A	0.786	retrieve	0	0	1	0	guy	gars
A	0.786	decode	0	0	0	0	pay	p
A	0.786	retrieve	0	0	0	0	low	lot
A	0.786	retrieve	0	0	0	0	buy	bat
A	0.786	retrieve	0	0	0	0	buy	bas
A	0.786	decode	0	0	0	0	fire	fat
A	0.786	retrieve	0	0	0	0	process	presse
A	0.786	retrieve	0	0	0	0	lower	lot
A	0.786	retrieve	0	0	0	0	die	da
A	0.786	retrieve	0	0	1	0	except	excès
A	0.786	retrieve	0	0	0	0	ice	as
A	0.786	retrieve	0	0	0	0	kept	concept
A	0.786	retrieve	0	0	0	0	speed	stupide
A	0.786	decode	0	0	0	0	wow	ouah
A	0.786	retrieve	0	0	0	0	floor	florence
A	0.785	retrieve	0	0	0	0	much	matchs
A	0.785	retrieve	0	0	0	0	much	matches
A	0.785	decode	0	0	0	0	money	manie
A	0.785	decode	0	0	0	0	body	bandits
A	0.785	retrieve	0	0	1	0	class	classes
A	0.785	retrieve	0	0	1	0	class	classe
A	0.785	decode	0	0	0	0	plan	plane
A	0.785	retrieve	0	0	0	0	six	sexe
A	0.785	decode	0	0	0	0	ready	redis
A	0.785	decode	0	0	0	0	baby	bibi
A	0.785	retrieve	0	0	1	0	clear	claire
A	0.785	retrieve	0	0	1	0	clear	clair
A	0.785	decode	0	0	0	0	books	boxe
A	0.785	decode	0	0	0	0	stuff	staff
A	0.785	retrieve	0	0	1	0	tax	taxes
A	0.785	retrieve	0	0	1	0	tax	taxe
A	0.785	decode	0	0	0	0	fast	faste
A	0.785	retrieve	0	0	1	0	match	matchs
A	0.785	retrieve	0	0	1	0	match	matches
A	0.785	decode	0	0	0	0	staff	staff
A	0.785	retrieve	0	0	0	0	safe	cf
A	0.785	decode	0	0	0	0	track	traque
A	0.785	retrieve	0	0	0	0	plus	places
A	0.785	retrieve	0	0	0	0	plus	place
A	0.785	retrieve	0	0	0	0	sister	cest
A	0.785	retrieve	0	0	0	0	worst	ouest
A	0.784	retrieve	0	0	0	0	crazy	crédits
A	0.784	retrieve	0	0	0	0	crazy	crédit
A	0.784	retrieve	0	0	0	0	married	madrid
A	0.783	decode	0	0	0	0	several	sèvres
A	0.781	retrieve	0	0	0	0	any	ennemis
A	0.781	retrieve	0	0	0	0	any	ennemi
A	0.781	retrieve	0	0	0	0	said	suède
A	0.781	retrieve	0	0	0	0	most	modeste
A	0.781	retrieve	0	0	0	0	very	verts
A	0.781	retrieve	0	0	0	0	very	vert
A	0.781	retrieve	0	0	0	0	many	mène
A	0.781	retrieve	0	0	0	0	great	gré
A	0.781	retrieve	0	0	0	0	team	intime
A	0.781	retrieve	0	0	0	0	free	fruits
A	0.781	retrieve	0	0	0	0	free	fruit
A	0.781	retrieve	0	0	0	0	care	claire
A	0.781	retrieve	0	0	0	0	care	clair
A	0.781	retrieve	0	0	0	0	four	forêts
A	0.781	retrieve	0	0	0	0	four	forêt
A	0.781	retrieve	0	0	0	0	seen	sinon
A	0.781	retrieve	0	0	0	0	small	sols
A	0.781	retrieve	0	0	0	0	small	sol
A	0.781	retrieve	0	0	0	0	try	traces
A	0.781	retrieve	0	0	0	0	try	trace
A	0.781	retrieve	0	0	0	0	yes	pièces
A	0.781	retrieve	0	0	0	0	yes	pièce
A	0.781	retrieve	0	0	0	0	says	saisi
A	0.781	retrieve	0	0	0	0	says	saisons
A	0.781	retrieve	0	0	1	0	post	potes
A	0.781	retrieve	0	0	0	0	close	clos
A	0.781	retrieve	0	0	1	0	check	tech
A	0.781	retrieve	0	0	0	0	quite	quoi
A	0.781	decode	0	0	0	0	record	raid
A	0.781	retrieve	0	0	1	0	club	clubs
A	0.781	retrieve	0	0	0	0	rights	race
A	0.781	retrieve	0	0	0	0	member	mêmes
A	0.781	retrieve	0	0	0	0	member	même
A	0.781	retrieve	0	0	0	0	east	listes
A	0.781	retrieve	0	0	0	0	east	liste
A	0.781	retrieve	0	0	0	0	cool	couples
A	0.781	retrieve	0	0	0	0	cool	couple
A	0.781	retrieve	0	0	0	0	felt	fêtes
A	0.781	retrieve	0	0	0	0	felt	fête
A	0.781	retrieve	0	0	0	0	seem	simon
A	0.781	retrieve	0	0	0	0	forget	fêtes
A	0.781	retrieve	0	0	0	0	forget	fête
A	0.781	retrieve	0	0	0	0	beat	habite
A	0.781	retrieve	0	0	0	0	pressure	prêts
A	0.781	retrieve	0	0	0	0	kept	quête
A	0.781	retrieve	0	0	0	0	feet	fuite
A	0.781	decode	0	0	0	0	clean	cligne
A	0.781	retrieve	0	0	0	0	scene	sinon
B	0.777	retrieve	0	0	0	0	created	crier
B	0.776	decode	0	0	0	0	church	tchatche
B	0.776	retrieve	0	0	0	0	success	sexe
B	0.776	retrieve	0	0	0	0	mine	marne
B	0.776	retrieve	0	0	0	0	expected	experts
B	0.776	retrieve	0	0	0	0	expected	expert
B	0.775	retrieve	0	0	1	0	west	veste
B	0.775	decode	0	1	0	0	increase	un crisse
B	0.772	retrieve	0	0	0	0	many	mini
B	0.772	decode	0	0	0	0	left	lift
B	0.77	retrieve	0	0	0	0	she	chimie
B	0.77	retrieve	0	0	0	0	last	listes
B	0.77	retrieve	0	0	0	0	last	liste
B	0.77	retrieve	0	0	0	0	money	mini
B	0.77	retrieve	0	0	0	0	city	séries
B	0.77	retrieve	0	0	0	0	course	courses
B	0.77	retrieve	0	0	0	0	past	pistes
B	0.77	retrieve	0	0	0	0	past	piste
B	0.77	retrieve	0	0	0	0	short	sortes
B	0.77	retrieve	0	0	0	0	short	sortent
B	0.77	retrieve	0	0	0	0	plan	pleine
B	0.77	retrieve	0	0	0	0	plan	plaine
B	0.77	retrieve	0	0	0	0	interest	restes
B	0.77	retrieve	0	0	0	0	interest	restent
B	0.77	retrieve	0	0	0	0	source	sources
B	0.77	retrieve	0	0	0	0	step	stop
B	0.77	retrieve	0	0	0	0	funny	finit
B	0.77	retrieve	0	0	0	0	funny	finis
B	0.77	decode	0	0	0	0	funny	finie
B	0.77	retrieve	0	0	0	0	store	stars
B	0.77	retrieve	0	0	0	0	store	star
B	0.77	retrieve	0	0	0	0	floor	fleurs
B	0.769	decode	0	0	0	0	around	rade
B	0.769	decode	0	0	0	0	find	fade
B	0.769	decode	0	0	0	0	found	fade
B	0.769	retrieve	0	0	0	0	point	pote
B	0.769	decode	0	0	0	0	round	rade
B	0.769	decode	0	0	0	0	events	veine
B	0.769	retrieve	0	0	0	0	brown	bras
B	0.768	retrieve	0	0	0	0	forward	forts
B	0.768	retrieve	0	0	0	0	forward	fort
B	0.768	decode	0	0	0	0	forward	for
B	0.766	retrieve	0	0	0	0	head	aides
B	0.766	retrieve	0	0	0	0	head	aide
B	0.766	decode	0	0	0	0	issue	chou
B	0.766	retrieve	0	0	0	0	hell	elles
B	0.766	retrieve	0	0	0	0	hell	elle
B	0.766	retrieve	0	0	0	0	hair	ère
B	0.766	retrieve	0	0	0	0	hair	aire
B	0.766	decode	0	0	0	0	hair	air
B	0.766	retrieve	0	0	0	0	whose	house
B	0.766	retrieve	0	0	0	0	tour	tres
B	0.765	retrieve	0	0	0	0	street	sites
B	0.765	decode	0	0	1	0	district	district
B	0.765	retrieve	0	0	0	0	create	christ
B	0.764	decode	0	0	0	0	military	métairie
B	0.763	retrieve	0	0	0	0	cost	costume
B	0.763	retrieve	0	0	0	0	present	prête
B	0.763	retrieve	0	0	0	0	sorry	séries
B	0.763	retrieve	0	0	0	0	sorry	série
B	0.763	retrieve	0	0	0	0	clean	clinique
B	0.761	retrieve	0	0	0	0	when	haine
B	0.761	decode	0	0	0	0	when	n
B	0.761	retrieve	0	0	0	0	well	elles
B	0.761	retrieve	0	0	0	0	well	elle
B	0.761	retrieve	0	0	0	0	where	ère
B	0.761	retrieve	0	0	0	0	where	aire
B	0.761	decode	0	0	0	0	where	air
B	0.761	decode	0	0	0	0	use	housse
B	0.761	retrieve	0	0	0	0	few	fout
B	0.761	retrieve	0	0	0	0	few	fous
B	0.761	decode	0	0	0	0	few	fou
B	0.761	decode	0	0	0	0	week	hic
B	0.761	retrieve	0	0	0	0	yet	êtes
B	0.761	retrieve	0	0	0	0	water	or
B	0.761	retrieve	0	0	0	0	water	hors
B	0.761	retrieve	0	0	0	0	war	or
B	0.761	retrieve	0	0	0	0	war	hors
B	0.761	retrieve	0	0	0	0	view	vous
B	0.761	decode	0	0	0	0	walk	oc
B	0.76	retrieve	0	0	0	0	to	tous
B	0.76	retrieve	0	0	0	0	on	sonne
B	0.76	retrieve	0	0	0	0	on	tonnes
B	0.76	retrieve	0	0	0	0	be	bite
B	0.76	retrieve	0	0	0	0	all	sols
B	0.76	retrieve	0	0	0	0	all	sol
B	0.76	retrieve	0	0	0	0	do	douce
B	0.76	retrieve	0	0	0	0	get	gay
B	0.76	retrieve	0	0	0	0	said	aides
B	0.76	retrieve	0	0	0	0	use	you
B	0.76	retrieve	0	0	0	0	based	best
B	0.76	retrieve	0	0	0	0	went	ouest
B	0.76	retrieve	0	0	1	0	post	postes
B	0.76	retrieve	0	0	0	0	else	elles
B	0.76	retrieve	0	0	0	0	else	elle
B	0.76	retrieve	0	0	0	0	due	douce
B	0.76	decode	0	0	0	0	players	plaise
B	0.76	retrieve	0	0	0	0	meet	my
B	0.76	retrieve	0	0	0	0	meet	mit
B	0.76	decode	0	0	0	0	played	plaide
B	0.76	retrieve	0	0	0	0	weeks	fixe
B	0.76	retrieve	0	0	0	0	event	veste
B	0.76	retrieve	0	0	0	0	guess	gay
B	0.76	retrieve	0	0	0	0	eat	sites
B	0.76	retrieve	0	0	0	0	eat	site
B	0.76	retrieve	0	0	0	0	green	grille
B	0.76	retrieve	0	0	0	0	key	ski
B	0.76	retrieve	0	0	0	0	feet	fit
B	0.76	retrieve	0	0	0	0	sold	solde
B	0.76	decode	0	0	0	0	train	traîne
B	0.759	retrieve	0	0	0	0	growth	gros
B	0.758	retrieve	0	0	0	0	friend	frais
B	0.758	decode	0	0	0	0	break	briques
B	0.758	retrieve	0	0	0	0	clean	clients
B	0.758	decode	0	0	0	1	france	france
B	0.757	retrieve	0	0	0	0	need	ni
B	0.757	retrieve	0	0	0	0	never	genève
B	0.757	retrieve	0	0	0	0	end	haine
B	0.757	decode	0	0	0	0	end	n
B	0.757	retrieve	0	0	0	0	read	riz
B	0.757	retrieve	0	0	0	0	food	fout
B	0.757	retrieve	0	0	0	0	food	fous
B	0.757	decode	0	0	0	0	food	fou
B	0.757	retrieve	0	0	0	0	deal	îles
B	0.757	retrieve	0	0	0	0	deal	île
B	0.757	decode	0	1	0	0	deal	il
B	0.757	retrieve	0	0	0	0	red	ray
B	0.757	retrieve	0	0	0	0	lead	lit
B	0.757	retrieve	0	0	0	0	dead	dès
B	0.757	retrieve	0	0	0	0	dead	aides
B	0.757	retrieve	0	0	0	0	led	lait
B	0.757	retrieve	0	0	0	0	foreign	forts
B	0.757	retrieve	0	0	0	0	foreign	fort
B	0.757	decode	0	0	0	0	foreign	for
B	0.757	decode	0	0	0	0	seven	sève
B	0.757	retrieve	0	0	0	0	bed	baie
B	0.757	decode	0	0	0	0	deep	hip
B	0.757	retrieve	0	0	0	0	leader	lit
B	0.756	retrieve	0	0	0	1	designed	design
B	0.755	retrieve	0	0	0	0	looks	luxe
B	0.755	retrieve	0	0	0	0	event	verte
B	0.755	retrieve	0	0	0	0	blood	blonde
B	0.755	retrieve	0	0	1	0	lord	lourdes
B	0.755	decode	0	1	0	0	unless	en laisse
B	0.754	retrieve	0	0	0	0	re	repris
B	0.754	retrieve	0	0	0	0	message	messages
B	0.753	retrieve	0	0	0	0	you	your
B	0.753	retrieve	0	0	0	0	more	mots
B	0.753	retrieve	0	0	0	0	more	mot
B	0.753	retrieve	0	0	0	0	off	offres
B	0.753	retrieve	0	0	0	0	off	offrent
B	0.753	retrieve	0	0	0	0	ever	rêves
B	0.753	retrieve	0	0	0	0	ever	rêve
B	0.753	retrieve	0	0	0	0	law	lors
B	0.753	retrieve	0	0	0	0	news	nous
B	0.753	retrieve	0	0	0	0	saw	sort
B	0.753	retrieve	0	0	0	0	saw	sors
B	0.753	retrieve	0	0	0	0	red	aides
B	0.753	decode	0	0	0	0	perfect	affect
B	0.753	retrieve	0	0	0	0	lose	loup
B	0.753	retrieve	0	0	0	0	offer	offres
B	0.753	retrieve	0	0	0	0	offer	offrent
B	0.753	retrieve	0	0	0	0	previous	privés
B	0.753	retrieve	0	0	0	0	previous	privées
B	0.753	decode	0	0	0	0	previous	privée
B	0.753	retrieve	0	0	1	0	movement	mouvements
B	0.753	retrieve	0	0	1	0	movement	mouvement
B	0.752	decode	0	0	0	0	believe	clive
B	0.752	decode	0	0	0	0	training	training
B	0.75	retrieve	0	0	1	0	technology	technologies
B	0.75	retrieve	0	0	1	0	technology	technologie
B	0.75	retrieve	0	0	0	0	via	vas
B	0.75	retrieve	0	0	0	0	via	va
B	0.749	retrieve	0	0	0	0	countries	crises
B	0.749	retrieve	0	0	0	0	countries	crise
B	0.748	retrieve	0	0	0	0	part	portes
B	0.748	decode	0	0	0	0	stop	stop
B	0.748	decode	0	0	0	0	job	job
B	0.748	retrieve	0	0	0	0	fight	faillite
B	0.748	retrieve	0	0	0	0	card	corde
B	0.748	retrieve	0	0	0	0	cold	codes
B	0.748	retrieve	0	0	0	0	claim	clés
B	0.748	retrieve	0	0	0	0	claim	clé
B	0.748	retrieve	0	0	0	0	pro	proches
B	0.748	decode	0	0	1	0	stock	stock
B	0.747	retrieve	0	0	0	0	line	latine
B	0.747	retrieve	0	0	0	0	party	paris
B	0.747	retrieve	0	0	0	0	party	pari
B	0.747	retrieve	0	0	0	0	march	matchs
B	0.747	retrieve	0	0	0	0	march	matches
B	0.747	retrieve	0	0	0	0	global	globale
B	0.747	decode	0	0	0	0	global	global
B	0.746	retrieve	0	0	0	0	getting	guère
B	0.746	retrieve	0	0	0	0	getting	guerres
B	0.746	decode	0	0	0	0	getting	guerre
B	0.746	decode	0	0	0	0	talking	toc
B	0.746	decode	0	0	0	0	tried	trahi
B	0.746	decode	0	0	0	0	meeting	mirent
B	0.746	retrieve	0	0	0	0	feeling	fils
B	0.746	retrieve	0	0	0	0	feeling	file
B	0.746	retrieve	0	0	0	0	calling	colle
B	0.746	retrieve	0	0	0	0	calling	col
B	0.744	retrieve	0	0	0	0	when	ouais
B	0.744	retrieve	0	0	0	0	she	chine
B	0.744	decode	0	0	0	0	never	ève
B	0.744	retrieve	0	0	0	0	end	aides
B	0.744	retrieve	0	0	0	0	read	réside
B	0.744	retrieve	0	0	0	0	news	house
B	0.744	retrieve	0	0	0	0	soon	sous
B	0.744	decode	0	0	0	0	soon	sou
B	0.744	retrieve	0	0	0	0	baby	by
B	0.744	retrieve	0	0	0	0	ground	grandes
B	0.744	retrieve	0	0	0	0	ground	grande
B	0.744	retrieve	0	0	0	0	rules	rouler
B	0.744	retrieve	0	0	0	1	george	georges
B	0.743	retrieve	0	0	1	0	place	places
B	0.743	decode	0	0	1	0	place	place
B	0.743	retrieve	0	0	0	0	yet	assiette
B	0.743	retrieve	0	0	0	0	makes	max
B	0.743	retrieve	0	0	0	1	york	porc
B	0.743	retrieve	0	0	0	0	close	classes
B	0.743	retrieve	0	0	0	0	takes	taxes
B	0.743	retrieve	0	0	0	0	takes	taxe
B	0.743	retrieve	0	0	0	0	trust	traite
B	0.743	retrieve	0	0	0	0	lose	toulouse
B	0.743	retrieve	0	0	0	0	sleep	clip
B	0.743	retrieve	0	0	0	0	ball	symbole
B	0.743	retrieve	0	0	0	0	growth	grosses
B	0.743	decode	0	0	0	0	coach	catch
B	0.743	retrieve	0	0	0	0	train	trône
B	0.743	retrieve	0	0	0	0	pro	procès
B	0.741	retrieve	0	0	1	0	control	contrôles
B	0.741	retrieve	0	0	1	0	control	contrôle
B	0.741	retrieve	0	0	0	0	degree	hongrie
B	0.74	decode	0	0	0	0	not	nattes
B	0.74	retrieve	0	0	0	0	people	pile
B	0.74	decode	0	0	0	0	people	pipe
B	0.74	decode	0	0	0	0	got	gâte
B	0.74	retrieve	0	0	0	0	please	prises
B	0.74	retrieve	0	0	0	0	please	prise
B	0.74	decode	0	0	0	0	lot	latte
B	0.74	retrieve	0	0	0	0	top	tape
B	0.74	decode	0	0	0	0	far	far
B	0.74	retrieve	0	0	0	0	black	bloc
B	0.74	retrieve	0	0	0	0	car	quarts
B	0.74	retrieve	0	0	0	0	car	quart
B	0.74	decode	0	0	0	0	car	car
B	0.74	retrieve	0	0	0	0	level	lève
B	0.74	retrieve	0	0	0	0	lost	listes
B	0.74	retrieve	0	0	0	0	lost	liste
B	0.74	retrieve	0	0	0	1	non	nan
B	0.74	decode	0	0	0	0	shot	chatte
B	0.74	decode	0	1	0	0	interest	et reste
B	0.74	retrieve	0	0	0	0	brought	brut
B	0.74	retrieve	0	0	0	0	tried	traces
B	0.74	retrieve	0	0	0	0	tried	trace
B	0.74	decode	0	0	0	0	dog	dague
B	0.74	retrieve	0	0	0	0	legal	ligue
B	0.74	retrieve	0	0	0	0	legal	lille
B	0.74	retrieve	0	0	0	0	seven	seine
B	0.74	retrieve	0	0	0	0	seven	scènes
B	0.74	retrieve	0	0	0	0	track	trucs
B	0.74	retrieve	0	0	0	0	track	truc
B	0.74	retrieve	0	0	0	0	quick	quoique
B	0.74	retrieve	0	0	0	0	agree	hongrie
B	0.74	retrieve	0	0	1	0	bar	barre
B	0.738	retrieve	0	0	0	0	members	mêmes
B	0.738	retrieve	0	0	0	0	members	même
B	0.738	retrieve	0	0	0	0	seems	simon
B	0.738	retrieve	0	0	0	0	release	alice
B	0.738	retrieve	0	0	0	1	paul	parole
B	0.738	retrieve	0	0	1	0	hotel	hôtels
B	0.738	retrieve	0	0	1	0	hotel	hôtel
B	0.737	retrieve	0	0	0	0	their	ère
B	0.737	retrieve	0	0	0	0	their	aire
B	0.737	decode	0	0	0	0	their	air
B	0.737	retrieve	0	0	0	0	there	ère
B	0.737	retrieve	0	0	0	0	there	aire
B	0.737	decode	0	0	0	0	there	air
B	0.737	retrieve	0	0	0	0	them	aimes
B	0.737	retrieve	0	0	0	0	them	aiment
B	0.737	retrieve	0	0	0	0	then	haine
B	0.737	decode	0	0	0	0	then	n
B	0.737	retrieve	0	0	0	0	whether	ouais
B	0.737	retrieve	0	0	0	0	review	interview
B	0.737	retrieve	0	0	0	0	costs	costume
B	0.736	retrieve	0	0	0	0	point	poète
B	0.736	retrieve	0	0	0	0	later	légère
B	0.736	decode	0	0	0	1	british	brèche
B	0.736	retrieve	0	0	1	0	stand	stade
B	0.735	retrieve	0	0	0	0	myself	marcel
B	0.735	retrieve	0	0	0	0	date	défaite
B	0.734	retrieve	0	0	0	0	story	séries
B	0.734	retrieve	0	0	0	0	story	série
B	0.734	decode	0	0	0	0	future	putsch
B	0.733	decode	0	0	0	0	been	bine
B	0.733	decode	0	0	0	0	could	coude
B	0.733	retrieve	0	0	0	0	full	foule
B	0.733	decode	0	0	0	0	book	bouc
B	0.733	retrieve	0	0	0	0	bit	bite
B	0.733	decode	0	0	0	0	bit	bit
B	0.733	retrieve	0	0	0	0	cause	causes
B	0.733	decode	0	0	0	0	cause	cause
B	0.733	decode	0	0	0	0	miss	miss
B	0.733	decode	0	0	0	0	bill	bile
B	0.733	decode	0	0	0	0	kill	kil
B	0.733	retrieve	0	0	0	0	poor	pour
B	0.733	retrieve	0	0	0	0	door	dort
B	0.733	retrieve	0	0	0	0	door	dors
B	0.733	retrieve	0	0	0	0	pick	pique
B	0.733	retrieve	0	0	0	0	pick	pic
B	0.733	retrieve	0	0	0	0	loss	los
B	0.733	retrieve	0	0	0	1	paul	pôle
B	0.733	retrieve	0	0	0	0	river	rive
B	0.733	decode	0	0	0	0	river	rives
B	0.733	retrieve	0	0	0	0	tour	tours
B	0.733	retrieve	0	0	0	0	unless	laissent
B	0.733	retrieve	0	0	0	0	unless	laisse
B	0.733	decode	0	0	0	0	fear	firent
B	0.732	retrieve	0	0	0	0	really	riz
B	0.732	retrieve	0	0	0	0	through	roux
B	0.732	retrieve	0	0	0	0	through	roue
B	0.732	retrieve	0	0	0	0	state	cest
B	0.732	retrieve	0	0	0	0	three	riz
B	0.732	decode	0	0	0	0	three	ri
B	0.732	retrieve	0	0	0	0	death	dès
B	0.732	retrieve	0	0	0	0	career	craindre
B	0.731	retrieve	0	0	0	0	military	mairie
B	0.731	retrieve	0	0	0	0	costs	corse
B	0.73	retrieve	0	0	0	0	not	nantes
B	0.73	decode	0	0	0	0	but	battent
B	0.73	retrieve	0	0	0	0	can	cannes
B	0.73	decode	0	0	0	0	can	cane
B	0.73	decode	0	0	0	0	what	watts
B	0.73	retrieve	0	0	0	0	get	quête
B	0.73	retrieve	0	0	0	0	been	ben
B	0.73	retrieve	0	0	0	0	some	sam
B	0.73	decode	0	0	0	0	good	gode
B	0.73	decode	0	0	0	1	after	aphtes
B	0.73	retrieve	0	0	0	0	could	code
B	0.73	retrieve	0	0	0	0	back	bac
B	0.73	retrieve	0	0	0	0	year	hier
B	0.73	retrieve	0	0	0	0	love	lave
B	0.73	decode	0	0	0	0	man	man
B	0.73	decode	0	0	0	0	come	came
B	0.73	decode	0	0	0	0	does	doses
B	0.73	decode	0	0	0	0	big	bègue
B	0.73	retrieve	0	0	0	0	put	pote
B	0.73	retrieve	0	0	0	0	done	dan
B	0.73	retrieve	0	0	0	0	full	folle
B	0.73	decode	0	0	0	0	took	toc
B	0.73	retrieve	0	0	0	0	run	rhône
B	0.73	retrieve	0	0	0	0	talk	doc
B	0.73	retrieve	0	0	0	0	fuck	fac
B	0.73	decode	0	0	0	0	room	rhume
B	0.73	decode	0	0	0	0	wrong	rogne
B	0.73	retrieve	0	0	0	0	matter	marre
B	0.73	decode	0	0	0	0	matter	mare
B	0.73	retrieve	0	0	0	0	bit	bêtes
B	0.73	retrieve	0	0	0	0	turn	tonnes
B	0.73	retrieve	0	0	1	0	act	actes
B	0.73	retrieve	0	0	1	0	act	acte
B	0.73	retrieve	0	0	0	0	fun	fans
B	0.73	retrieve	0	0	0	0	fun	fan
B	0.73	retrieve	0	0	0	0	easy	ici
B	0.73	retrieve	0	0	0	0	near	nerfs
B	0.73	decode	0	0	0	0	near	nerf
B	0.73	retrieve	0	0	0	0	cut	côtes
B	0.73	retrieve	0	0	0	0	cut	côte
B	0.73	retrieve	0	0	0	0	summer	sam
B	0.73	retrieve	0	0	0	0	term	tome
B	0.73	retrieve	0	0	0	0	term	tom
B	0.73	retrieve	0	0	0	0	miss	messe
B	0.73	retrieve	0	0	0	0	shot	chante
B	0.73	decode	0	0	0	0	gone	conne
B	0.73	decode	0	0	0	0	learn	laine
B	0.73	retrieve	0	0	0	0	bill	belles
B	0.73	retrieve	0	0	0	0	bill	belle
B	0.73	retrieve	0	0	0	0	fall	vols
B	0.73	retrieve	0	0	0	0	cup	cap
B	0.73	retrieve	0	0	0	0	damn	dames
B	0.73	retrieve	0	0	0	0	damn	dame
B	0.73	retrieve	0	0	0	0	kill	quels
B	0.73	retrieve	0	0	0	0	kill	quelles
B	0.73	retrieve	0	0	0	0	poor	port
B	0.73	retrieve	0	0	0	0	cover	cave
B	0.73	retrieve	0	0	0	0	bed	bêtes
B	0.73	retrieve	0	0	0	0	daily	délire
B	0.73	retrieve	0	0	0	0	deep	types
B	0.73	retrieve	0	0	0	0	deep	type
B	0.73	retrieve	0	0	1	0	pass	passes
B	0.73	retrieve	0	0	1	0	pass	passent
B	0.73	retrieve	0	0	0	0	river	rêves
B	0.73	decode	0	0	0	0	shall	châle
B	0.73	decode	0	0	0	0	required	quad
B	0.73	retrieve	0	0	0	0	fear	fer
B	0.73	retrieve	0	0	0	0	fear	faire
B	0.73	retrieve	0	0	0	0	fit	fêtes
B	0.73	retrieve	0	0	0	0	fit	fête
B	0.73	decode	0	0	0	0	fit	faites
B	0.73	decode	0	1	0	1	anymore	un maures
B	0.73	retrieve	0	0	0	1	none	nan
B	0.729	retrieve	0	0	0	0	society	ceci
B	0.729	retrieve	0	0	0	0	football	bol
B	0.729	retrieve	0	0	0	0	internet	nette
B	0.729	retrieve	0	0	0	0	internet	net
B	0.728	decode	0	0	0	0	maybe	méfie
B	0.728	retrieve	0	0	0	0	price	presse
B	0.728	retrieve	0	0	0	0	style	stade
B	0.728	retrieve	0	0	0	0	message	messe
B	0.728	retrieve	0	0	0	0	lady	lundi
B	0.727	retrieve	0	0	0	0	we	louis
B	0.726	retrieve	0	0	1	0	north	normes
B	0.726	decode	0	0	0	0	football	but bol
B	0.725	retrieve	0	0	0	0	but	bêtes
B	0.725	retrieve	0	0	0	0	but	bête
B	0.725	retrieve	0	0	0	0	my	masse
B	0.725	retrieve	0	0	0	0	your	hier
B	0.725	retrieve	0	0	0	0	so	sauce
B	0.725	retrieve	0	0	0	0	love	lève
B	0.725	retrieve	0	0	0	0	sure	chère
B	0.725	retrieve	0	0	0	0	sure	chers
B	0.725	decode	0	0	0	0	sure	chair
B	0.725	decode	0	0	0	1	business	business
B	0.725	retrieve	0	0	0	0	case	quai
B	0.725	retrieve	0	0	0	0	power	passes
B	0.725	retrieve	0	0	0	0	took	tech
B	0.725	retrieve	0	0	0	0	run	rennes
B	0.725	decode	0	0	0	0	country	country
B	0.725	retrieve	0	0	0	0	nice	na
B	0.725	retrieve	0	0	0	0	low	los
B	0.725	retrieve	0	0	0	0	fire	fasse
B	0.725	retrieve	0	0	0	0	fire	face
B	0.725	decode	0	0	0	0	building	building
B	0.725	retrieve	0	0	0	0	son	seine
B	0.725	retrieve	0	0	0	0	son	scènes
B	0.725	decode	0	0	0	0	son	saine
B	0.725	retrieve	0	0	0	0	song	sonne
B	0.725	retrieve	0	0	1	0	boy	bosse
B	0.725	retrieve	0	0	1	0	boy	boss
B	0.725	decode	0	0	0	0	design	design
B	0.725	retrieve	0	0	0	0	lower	los
B	0.725	retrieve	0	0	0	0	race	ré
B	0.725	retrieve	0	0	0	0	army	parmi
B	0.725	decode	0	0	0	0	places	plaise
B	0.725	retrieve	0	0	0	0	jobs	jazz
B	0.725	retrieve	0	0	0	0	sun	seine
B	0.725	retrieve	0	0	0	0	sun	scènes
B	0.725	decode	0	0	0	0	sun	saine
B	0.725	decode	0	0	0	0	gun	gaine
B	0.725	decode	0	1	0	0	generally	on relie
B	0.725	decode	0	0	0	1	none	naine
B	0.724	retrieve	0	0	0	0	no	notes
B	0.724	retrieve	0	0	0	0	might	ma
B	0.724	retrieve	0	0	0	0	night	na
B	0.724	retrieve	0	0	0	0	late	les
B	0.724	retrieve	0	0	0	0	light	là
B	0.724	retrieve	0	0	0	0	light	las
B	0.724	decode	0	0	0	0	fight	fat
B	0.724	retrieve	0	0	0	0	date	des
B	0.724	retrieve	0	0	0	0	site	ça
B	0.724	retrieve	0	0	0	0	site	sa
B	0.724	retrieve	0	0	0	1	co	côtes
B	0.724	retrieve	0	0	0	1	co	côte
B	0.724	retrieve	0	0	0	0	rate	ré
B	0.724	retrieve	0	0	1	0	vote	vos
B	0.724	retrieve	0	0	0	0	die	dates
B	0.724	retrieve	0	0	1	0	note	nos
B	0.723	retrieve	0	0	0	0	second	sec
B	0.722	retrieve	0	0	0	0	made	méthode
B	0.722	retrieve	0	0	0	0	made	mes
B	0.722	retrieve	0	0	0	0	every	esprits
B	0.722	retrieve	0	0	0	0	every	esprit
B	0.722	retrieve	0	0	0	0	show	chaude
B	0.722	retrieve	0	0	0	0	side	ça
B	0.722	retrieve	0	0	0	0	side	sa
B	0.722	retrieve	0	0	0	0	anyone	haine
B	0.722	retrieve	0	0	0	0	died	da
B	0.722	retrieve	0	0	0	0	code	co
B	0.722	decode	0	0	0	0	subject	abject
B	0.721	retrieve	0	0	0	1	mr	mixte
B	0.721	retrieve	0	0	0	0	friends	frais
B	0.721	retrieve	0	0	0	0	died	david
B	0.72	retrieve	0	0	1	0	program	programmes
B	0.72	retrieve	0	0	1	0	program	programme
B	0.72	decode	0	0	0	0	china	tchad
B	0.72	retrieve	0	0	0	0	credit	crainte
B	0.72	decode	0	0	0	0	lady	lesdits
B	0.719	retrieve	0	0	0	0	rate	répète
B	0.719	decode	0	0	0	0	culture	catch
B	0.719	retrieve	0	0	0	0	growing	gros
B	0.719	retrieve	0	0	0	0	trump	trompe
B	0.719	decode	0	0	0	0	trump	trappe
B	0.718	retrieve	0	0	0	0	maybe	mépris
B	0.717	retrieve	0	0	0	0	days	des
B	0.717	retrieve	0	0	0	0	later	les
B	0.717	retrieve	0	0	0	0	guys	gars
B	0.717	retrieve	0	0	1	0	guy	gare
B	0.717	retrieve	0	0	0	0	shows	chaud
B	0.717	retrieve	0	0	0	0	goes	go
B	0.717	retrieve	0	0	0	0	size	ça
B	0.717	retrieve	0	0	0	0	size	sa
B	0.717	retrieve	0	0	0	0	knows	nos
B	0.717	retrieve	0	0	0	0	knows	no
B	0.717	retrieve	0	0	0	0	wall	vols
B	0.717	retrieve	0	0	0	0	wall	vol
B	0.717	retrieve	0	0	0	0	tonight	tenant
B	0.716	retrieve	0	0	0	0	right	raciste
B	0.716	retrieve	0	0	0	0	start	sortes
B	0.716	retrieve	0	0	0	0	start	sortent
B	0.716	retrieve	0	0	0	0	week	oui
B	0.716	retrieve	0	0	0	0	law	lol
B	0.716	retrieve	0	0	0	0	president	prête
B	0.716	retrieve	0	0	0	0	early	lit
B	0.716	retrieve	0	0	0	0	early	lis
B	0.716	retrieve	0	0	0	0	room	roux
B	0.716	retrieve	0	0	0	0	room	roue
B	0.716	retrieve	0	0	0	0	cause	compose
B	0.716	retrieve	0	0	0	0	move	mouvements
B	0.716	retrieve	0	0	0	0	move	mouvement
B	0.716	decode	0	0	0	0	move	mou
B	0.716	retrieve	0	0	0	0	series	surprise
B	0.716	retrieve	0	0	0	0	view	you
B	0.716	retrieve	0	0	0	0	blue	bout
B	0.716	retrieve	0	0	0	0	blue	loup
B	0.716	retrieve	0	0	1	0	league	lit
B	0.716	retrieve	0	0	0	0	led	aides
B	0.716	retrieve	0	0	0	0	seem	si
B	0.716	retrieve	0	0	0	0	super	sous
B	0.716	retrieve	0	0	0	0	loss	os
B	0.716	retrieve	0	0	0	0	access	cesse
B	0.716	retrieve	0	0	0	0	write	raciste
B	0.715	retrieve	0	0	0	0	series	crises
B	0.715	retrieve	0	0	0	0	football	folle
B	0.714	retrieve	0	0	0	0	friend	frères
B	0.714	retrieve	0	0	0	0	whose	douze
B	0.713	retrieve	0	0	0	0	price	prince
B	0.713	retrieve	0	0	0	0	drive	drame
B	0.713	retrieve	0	0	0	1	michael	mâle
B	0.713	retrieve	0	0	0	1	michael	mal
B	0.713	retrieve	0	0	0	0	committee	cris
B	0.713	retrieve	0	0	0	0	committee	cri
B	0.713	retrieve	0	0	0	1	station	stéphane
B	0.713	retrieve	0	0	0	0	focus	fausses
B	0.713	retrieve	0	0	0	0	focus	fausse
B	0.712	retrieve	0	0	0	0	use	tous
B	0.712	retrieve	0	0	1	0	problem	problèmes
B	0.712	retrieve	0	0	1	0	problem	problème
B	0.712	retrieve	0	0	0	0	started	stade
B	0.712	retrieve	0	0	0	0	gets	gay
B	0.712	retrieve	0	0	0	1	british	branches
B	0.712	retrieve	0	0	0	1	british	branche
B	0.712	decode	0	0	0	0	various	verrez
B	0.712	retrieve	0	0	0	0	etc	êtres
B	0.712	retrieve	0	0	0	0	etc	être
B	0.712	retrieve	0	0	0	0	studies	disent
B	0.712	retrieve	0	0	0	0	studies	dise
B	0.711	retrieve	0	0	1	0	example	exemples
B	0.711	retrieve	0	0	1	0	example	exemple
B	0.711	retrieve	0	0	0	0	gets	metz
B	0.711	retrieve	0	0	0	1	george	job
B	0.711	retrieve	0	0	0	0	leaving	livres
B	0.711	retrieve	0	0	0	0	leaving	livre
B	0.71	retrieve	0	0	0	0	some	sommes
B	0.71	retrieve	0	0	0	0	then	gêne
B	0.71	retrieve	0	0	0	0	could	codes
B	0.71	retrieve	0	0	0	0	these	disent
B	0.71	retrieve	0	0	0	0	these	dise
B	0.71	retrieve	0	0	0	0	should	chaude
B	0.71	retrieve	0	0	0	0	need	nice
B	0.71	retrieve	0	0	0	0	never	neuve
B	0.71	retrieve	0	0	0	0	man	mène
B	0.71	retrieve	0	0	0	0	man	mines
B	0.71	decode	0	0	0	0	look	loque
B	0.71	retrieve	0	0	0	0	come	kim
B	0.71	retrieve	0	0	0	0	come	comme
B	0.71	retrieve	0	0	0	0	does	dose
B	0.71	retrieve	0	0	0	0	does	disent
B	0.71	retrieve	0	0	0	0	put	potes
B	0.71	retrieve	0	0	0	0	done	donnent
B	0.71	decode	0	0	0	0	early	allie
B	0.71	retrieve	0	0	0	0	death	dettes
B	0.71	retrieve	0	0	0	0	girl	gueule
B	0.71	retrieve	0	0	0	0	girl	gaulle
B	0.71	retrieve	0	0	0	0	matter	mères
B	0.71	retrieve	0	0	0	0	yeah	hier
B	0.71	retrieve	0	0	0	0	summer	sommes
B	0.71	retrieve	0	0	0	0	miss	mince
B	0.71	retrieve	0	0	0	0	various	verts
B	0.71	retrieve	0	0	0	0	various	vert
B	0.71	retrieve	0	0	0	0	walk	doc
B	0.71	retrieve	0	0	0	0	career	croire
B	0.71	decode	0	0	0	0	loss	laisse
B	0.71	retrieve	0	0	0	1	san	seine
B	0.71	retrieve	0	0	0	1	san	scènes
B	0.71	decode	0	0	0	1	san	saine
B	0.709	retrieve	0	0	0	1	minutes	metz
B	0.709	retrieve	0	0	0	0	weeks	xixe
B	0.709	decode	0	0	0	0	stage	stage
B	0.709	retrieve	0	0	0	0	release	licence
B	0.709	retrieve	0	0	0	0	ahead	aides
B	0.709	retrieve	0	0	0	0	ahead	aide
B	0.709	retrieve	0	0	0	0	speed	rapides
B	0.709	retrieve	0	0	0	0	stories	autorisé
B	0.708	retrieve	0	0	0	0	now	nan
B	0.708	retrieve	0	0	0	0	life	là
B	0.708	retrieve	0	0	0	0	life	las
B	0.708	retrieve	0	0	0	0	down	da
B	0.708	retrieve	0	0	0	0	line	là
B	0.708	retrieve	0	0	0	0	local	locales
B	0.708	retrieve	0	0	0	0	local	locale
B	0.708	decode	0	0	0	0	local	local
B	0.708	retrieve	0	0	0	0	known	nos
B	0.708	retrieve	0	0	0	0	known	no
B	0.708	retrieve	0	0	1	0	police	alice
B	0.708	retrieve	0	0	0	0	phone	faux
B	0.708	retrieve	0	0	0	0	phone	faut
B	0.708	retrieve	0	0	0	0	main	mes
B	0.708	retrieve	0	0	0	0	town	tas
B	0.708	retrieve	0	0	0	0	town	ta
B	0.708	retrieve	0	0	0	0	sign	ça
B	0.708	retrieve	0	0	0	0	sign	sa
B	0.708	retrieve	0	0	0	0	safe	ses
B	0.708	retrieve	0	0	0	0	spent	suspect
B	0.708	retrieve	0	0	0	0	forces	forêts
B	0.708	retrieve	0	0	0	0	forces	forêt
B	0.708	retrieve	0	0	0	0	sold	solides
B	0.707	retrieve	0	0	0	0	must	mixte
B	0.707	retrieve	0	0	0	0	level	lèvres
B	0.707	retrieve	0	0	0	0	history	industries
B	0.707	retrieve	0	0	0	0	history	industrie
B	0.707	retrieve	0	0	0	0	morning	morts
B	0.707	retrieve	0	0	0	0	morning	mort
B	0.707	retrieve	0	0	0	0	quite	quoique
B	0.707	retrieve	0	0	0	1	st	sainte
B	0.707	retrieve	0	0	0	1	tv	suivie
B	0.707	retrieve	0	0	0	1	tv	suivi
B	0.707	retrieve	0	0	0	0	needed	ni
B	0.707	retrieve	0	0	0	0	walk	rock
B	0.707	retrieve	0	0	0	0	join	job
B	0.707	retrieve	0	0	0	0	master	mixte
B	0.707	retrieve	0	0	0	0	reasons	reprises
B	0.707	retrieve	0	0	0	0	reasons	reprise
B	0.706	retrieve	0	0	0	0	make	mecs
B	0.706	retrieve	0	0	0	0	make	mec
B	0.706	retrieve	0	0	0	0	take	tech
B	0.706	decode	0	0	0	0	same	sème
B	0.706	retrieve	0	0	0	0	play	plaît
B	0.706	retrieve	0	0	0	0	play	plait
B	0.706	decode	0	0	0	0	play	plaie
B	0.706	retrieve	0	0	0	0	case	caisses
B	0.706	decode	0	0	0	0	case	caisse
B	0.706	retrieve	0	0	0	0	face	fesses
B	0.706	decode	0	0	0	0	face	fesse
B	0.706	retrieve	0	0	0	0	several	sel
B	0.706	retrieve	0	0	0	0	several	celles
B	0.706	retrieve	0	0	0	0	main	mène
B	0.706	decode	0	0	0	0	date	dette
B	0.706	retrieve	0	0	0	0	player	plaît
B	0.706	retrieve	0	0	0	0	player	play
B	0.706	decode	0	0	0	0	player	plaie
B	0.706	decode	0	0	0	0	save	sève
B	0.706	decode	0	0	0	0	paper	pep
B	0.706	retrieve	0	0	0	0	base	baisse
B	0.706	retrieve	0	0	0	0	sleep	philippe
B	0.706	retrieve	0	0	0	0	pain	pen
B	0.706	retrieve	0	0	0	0	pain	peines
B	0.706	decode	0	0	0	0	pain	peine
B	0.706	retrieve	0	0	0	0	sale	sel
B	0.706	retrieve	0	0	0	0	sale	celles
B	0.706	decode	0	0	0	0	sale	celle
B	0.706	retrieve	0	0	0	0	levels	lève
B	0.705	retrieve	0	0	0	0	standard	stade
B	0.704	retrieve	0	0	0	1	used	you
B	0.704	decode	0	0	0	0	second	secte
B	0.704	retrieve	0	0	0	0	country	cris
B	0.704	retrieve	0	0	0	0	country	cri
B	0.704	retrieve	0	0	0	0	needs	ni
B	0.704	retrieve	0	0	0	0	easy	tunisie
B	0.704	retrieve	0	0	0	0	board	beaux
B	0.704	retrieve	0	0	0	0	board	beau
B	0.704	retrieve	0	0	0	0	french	frais
B	0.703	retrieve	0	0	0	0	longer	longues
B	0.703	retrieve	0	0	0	0	longer	longue
B	0.703	retrieve	0	0	0	0	dance	danse
B	0.703	retrieve	0	0	1	0	band	bandes
B	0.703	retrieve	0	0	1	0	band	bande
B	0.702	decode	0	0	0	0	take	tic
B	0.702	decode	0	0	0	0	life	lave
B	0.702	retrieve	0	0	0	0	days	disent
B	0.702	retrieve	0	0	0	0	came	kim
B	0.702	decode	0	0	0	0	later	lire
B	0.702	decode	0	0	0	0	area	errer
B	0.702	decode	0	0	0	0	nice	naze
B	0.702	decode	0	0	0	0	died	date
B	0.702	decode	0	0	0	0	rate	rite
B	0.702	decode	0	0	0	0	countries	country
B	0.702	retrieve	0	0	0	0	below	bleus
B	0.702	retrieve	0	0	0	0	below	bleue
B	0.702	decode	0	0	0	0	below	bleu
B	0.702	retrieve	0	0	0	0	boys	bosse
B	0.702	retrieve	0	0	0	0	boys	boss
B	0.702	retrieve	0	0	0	0	section	sec
B	0.702	decode	0	0	0	0	wide	watts
B	0.701	retrieve	0	0	0	0	effect	insectes
B	0.7	retrieve	0	0	0	0	not	notes
B	0.7	retrieve	0	0	0	0	our	ha
B	0.7	retrieve	0	0	0	0	our	ah
B	0.7	retrieve	0	0	0	0	back	banques
B	0.7	retrieve	0	0	0	0	bad	bandes
B	0.7	retrieve	0	0	0	0	bad	bande
B	0.7	decode	0	0	0	0	hard	hard
B	0.7	retrieve	0	0	0	0	went	ouais
B	0.7	retrieve	0	0	0	0	oh	hauts
B	0.7	retrieve	0	0	0	0	oh	haut
B	0.7	retrieve	0	0	0	1	st	se
B	0.7	retrieve	0	0	0	0	county	quasi
B	0.7	retrieve	0	0	0	0	hour	ha
B	0.7	retrieve	0	0	0	0	hour	ah
B	0.7	retrieve	0	0	0	0	gone	gosses
B	0.7	retrieve	0	0	0	0	gone	gosse
B	0.7	decode	0	0	0	1	ok	ok
B	0.7	retrieve	0	0	0	0	mom	meme
B	0.7	decode	0	0	0	0	mom	môme
B	0.7	retrieve	0	0	0	1	okay	ok
B	0.7	retrieve	0	0	0	0	straight	cest
B	0.7	decode	0	0	0	0	rock	rauque
B	0.7	retrieve	0	0	0	0	eye	ha
B	0.7	retrieve	0	0	0	0	eye	ah
B	0.7	retrieve	0	0	0	0	safety	séries
B	0.7	retrieve	0	0	0	0	safety	série
B	0.7	retrieve	0	0	0	1	approach	proches
B	0.699	retrieve	0	0	0	0	left	lait
B	0.699	retrieve	0	0	0	0	tonight	tenait
B	0.699	retrieve	0	0	0	0	treatment	triste
B	0.699	retrieve	0	0	0	0	quick	qu
B	0.698	decode	0	0	0	0	trying	trahi
B	0.698	retrieve	0	0	1	0	industry	industries
B	0.698	retrieve	0	0	1	0	industry	industrie
B	0.698	retrieve	0	0	0	0	female	fils
B	0.698	retrieve	0	0	0	0	female	file
B	0.697	retrieve	0	0	0	0	community	connerie
B	0.697	retrieve	0	0	0	0	parents	pères
B	0.697	retrieve	0	0	0	0	parents	père
B	0.696	retrieve	0	0	0	0	new	genoux
B	0.696	retrieve	0	0	0	0	even	yves
B	0.696	retrieve	0	0	0	0	even	iv
B	0.696	retrieve	0	0	0	0	both	beaux
B	0.696	retrieve	0	0	0	0	both	beau
B	0.696	retrieve	0	0	0	0	second	sexe
B	0.696	retrieve	0	0	1	0	system	systèmes
B	0.696	retrieve	0	0	1	0	system	système
B	0.696	retrieve	0	0	0	0	far	foire
B	0.696	retrieve	0	0	0	0	south	ça
B	0.696	retrieve	0	0	0	0	south	sa
B	0.696	retrieve	0	0	0	0	knew	genoux
B	0.696	retrieve	0	0	0	0	security	ski
B	0.696	retrieve	0	0	1	0	star	standard
B	0.696	retrieve	0	0	0	0	straight	triste
B	0.696	retrieve	0	0	1	0	bar	boire
B	0.696	retrieve	0	0	1	0	stupid	stupide
B	0.696	retrieve	0	0	1	0	stock	sacs
B	0.696	retrieve	0	0	1	0	stock	sac
B	0.695	decode	0	0	0	1	certainly	son lie
B	0.695	retrieve	0	0	0	0	biggest	best
B	0.695	retrieve	0	0	0	0	trump	troupes
B	0.694	retrieve	0	0	0	0	energy	ennemis
B	0.694	retrieve	0	0	0	0	energy	ennemi
B	0.694	retrieve	0	0	0	0	present	prêts
B	0.694	retrieve	0	0	0	0	federal	faibles
B	0.694	retrieve	0	0	0	0	federal	faible
B	0.694	retrieve	0	0	0	0	central	sel
B	0.694	retrieve	0	0	0	0	central	celles
B	0.694	retrieve	0	0	0	0	network	nettoyer
B	0.694	retrieve	0	0	0	0	section	sexe
B	0.694	decode	0	0	0	0	section	sexes
B	0.693	retrieve	0	0	0	0	around	rendent
B	0.693	retrieve	0	0	0	1	dr	actes
B	0.693	retrieve	0	0	0	1	dr	acte
B	0.693	retrieve	0	0	0	1	september	septembre
B	0.693	retrieve	0	0	0	0	round	rendent
B	0.693	retrieve	0	0	0	0	modern	man
B	0.693	retrieve	0	0	0	0	access	sexe
B	0.693	retrieve	0	0	0	0	dark	arc
B	0.692	retrieve	0	0	0	0	night	nantes
B	0.692	retrieve	0	0	0	0	support	sortes
B	0.692	retrieve	0	0	0	0	support	sortent
B	0.692	retrieve	0	0	0	0	trying	traces
B	0.692	retrieve	0	0	0	0	trying	trace
B	0.692	decode	0	0	0	0	happy	épi
B	0.692	retrieve	0	0	0	0	study	samedi
B	0.692	decode	0	0	0	0	council	cannelle
B	0.692	retrieve	0	0	0	0	seeing	signe
B	0.692	retrieve	0	0	0	0	growing	grosses
B	0.691	retrieve	0	0	0	1	mr	modeste
B	0.691	retrieve	0	0	0	0	must	modeste
B	0.691	decode	0	0	0	1	living	living
B	0.691	retrieve	0	0	0	0	eyes	assise
B	0.691	retrieve	0	0	0	0	paid	période
B	0.691	retrieve	0	0	0	0	sister	sites
B	0.69	retrieve	0	0	0	0	time	testament
B	0.69	retrieve	0	0	0	0	been	bonnes
B	0.69	retrieve	0	0	0	0	good	guide
B	0.69	retrieve	0	0	0	0	look	luc
B	0.69	retrieve	0	0	0	0	god	gardes
B	0.69	retrieve	0	0	0	0	god	garde
B	0.69	retrieve	0	0	0	0	based	baptiste
B	0.69	retrieve	0	0	0	0	shit	chute
B	0.69	retrieve	0	0	0	0	wrong	rock
B	0.69	retrieve	0	0	0	0	data	des
B	0.69	retrieve	0	0	0	0	soon	sonne
B	0.69	retrieve	0	0	0	0	near	nord
B	0.69	retrieve	0	0	0	0	shot	charte
B	0.69	retrieve	0	0	0	0	exactly	exact
B	0.69	retrieve	0	0	0	0	cup	coupes
B	0.69	retrieve	0	0	0	0	quality	cris
B	0.69	retrieve	0	0	0	0	quality	cri
B	0.69	retrieve	0	0	0	0	army	amis
B	0.69	decode	0	0	0	0	army	amie
B	0.69	retrieve	0	0	0	0	created	cris
B	0.69	retrieve	0	0	0	0	network	nette
B	0.69	retrieve	0	0	0	0	kid	code
B	0.69	decode	0	0	0	0	ship	chope
B	0.689	retrieve	0	0	0	0	right	raconte
B	0.689	retrieve	0	0	0	0	shit	chouette
B	0.689	retrieve	0	0	0	0	turn	tiennent
B	0.689	retrieve	0	0	0	0	works	ex
B	0.689	retrieve	0	0	0	0	works	aix
B	0.689	retrieve	0	0	1	0	experience	expériences
B	0.689	retrieve	0	0	1	0	experience	expérience
B	0.689	decode	0	0	0	0	quality	connerie
B	0.689	retrieve	0	0	0	0	race	réponses
B	0.689	retrieve	0	0	0	0	recent	triste
B	0.689	retrieve	0	0	0	0	write	raconte
B	0.689	decode	0	0	0	1	approach	approches
B	0.688	decode	0	1	0	1	only	on lie
B	0.688	retrieve	0	0	0	0	first	fêtes
B	0.688	retrieve	0	0	0	0	first	fête
B	0.688	decode	0	0	0	0	first	faites
B	0.688	decode	0	0	0	0	being	bine
B	0.688	retrieve	0	0	0	0	still	sel
B	0.688	retrieve	0	0	0	0	such	sache
B	0.688	retrieve	0	0	0	0	own	automne
B	0.688	decode	0	0	0	1	mr	mette
B	0.688	decode	0	0	0	0	must	mate
B	0.688	retrieve	0	0	0	0	left	lève
B	0.688	retrieve	0	0	0	0	pay	ps
B	0.688	retrieve	0	0	0	0	asked	actes
B	0.688	retrieve	0	0	0	0	asked	acte
B	0.688	retrieve	0	0	0	0	six	ex
B	0.688	retrieve	0	0	0	1	de	dehors
B	0.688	retrieve	0	0	0	0	return	rennes
B	0.688	retrieve	0	0	0	0	return	reine
B	0.688	decode	0	0	0	0	return	reines
B	0.688	retrieve	0	0	0	0	stuff	sauf
B	0.688	retrieve	0	0	0	0	search	sèche
B	0.688	decode	0	0	0	0	search	sèches
B	0.688	retrieve	0	0	0	0	train	trains
B	0.688	retrieve	0	0	0	0	master	matt
B	0.688	decode	0	0	0	0	master	mate
B	0.687	retrieve	0	0	0	0	report	rapporte
B	0.687	retrieve	0	0	0	0	normal	normale
B	0.687	decode	0	0	0	0	normal	normal
B	0.686	retrieve	0	0	0	0	needs	nice
B	0.686	decode	0	0	0	0	special	seychelles
B	0.686	retrieve	0	0	0	0	paid	périodes
B	0.686	retrieve	0	0	0	0	chief	tarifs
B	0.686	retrieve	0	0	0	0	chief	tarif
B	0.686	retrieve	0	0	0	0	blood	blé
B	0.686	decode	0	0	0	0	committee	connerie
B	0.685	retrieve	0	0	0	0	friends	phrases
B	0.685	retrieve	0	0	0	0	major	ménages
B	0.685	retrieve	0	0	0	0	major	ménage
B	0.685	retrieve	0	0	0	0	baby	bébés
B	0.685	retrieve	0	0	0	0	likely	lit
B	0.685	retrieve	0	0	0	0	likely	lis
B	0.685	retrieve	0	0	0	0	bank	banques
B	0.685	retrieve	0	0	0	0	bank	banque
B	0.685	retrieve	0	0	0	1	james	jazz
B	0.685	retrieve	0	0	0	0	title	tables
B	0.685	retrieve	0	0	0	0	title	table
B	0.685	decode	0	0	0	0	career	cries
B	0.685	retrieve	0	0	0	0	eight	hésite
B	0.684	retrieve	0	0	0	0	what	ouest
B	0.684	retrieve	0	0	0	0	most	mots
B	0.684	retrieve	0	0	0	0	such	sèche
B	0.684	retrieve	0	0	0	0	season	sixième
B	0.684	retrieve	0	0	0	0	anyone	fn
B	0.684	retrieve	0	0	1	0	john	dan
B	0.683	retrieve	0	0	0	0	from	femmes
B	0.683	retrieve	0	0	0	0	from	femme
B	0.683	retrieve	0	0	0	0	can	crâne
B	0.683	retrieve	0	0	0	0	go	gaulle
B	0.683	retrieve	0	0	0	0	being	by
B	0.683	retrieve	0	0	0	0	same	sam
B	0.683	retrieve	0	0	0	0	game	gamme
B	0.683	retrieve	0	0	0	0	give	grève
B	0.683	retrieve	0	0	0	0	doing	doux
B	0.683	decode	0	0	0	0	came	came
B	0.683	decode	0	0	0	0	line	lad
B	0.683	retrieve	0	0	0	0	face	fausses
B	0.683	decode	0	0	0	0	five	fauve
B	0.683	retrieve	0	0	0	0	pay	pr
B	0.683	decode	0	0	0	0	south	sas
B	0.683	decode	0	0	0	0	gave	gave
B	0.683	retrieve	0	0	0	0	road	roses
B	0.683	retrieve	0	0	0	0	road	ronde
B	0.683	retrieve	0	0	0	0	fight	fautes
B	0.683	retrieve	0	0	0	0	space	spéciaux
B	0.683	retrieve	0	0	0	0	goes	gaz
B	0.683	retrieve	0	0	0	0	brought	pote
B	0.683	retrieve	0	0	0	0	save	savent
B	0.683	decode	0	0	0	0	race	race
B	0.683	decode	0	1	0	0	simply	on plie
B	0.683	retrieve	0	0	0	0	paper	pape
B	0.683	retrieve	0	0	0	0	voice	vote
B	0.683	retrieve	0	0	0	0	goal	go
B	0.683	retrieve	0	0	0	0	base	basse
B	0.683	retrieve	0	0	0	0	seeing	si
B	0.683	retrieve	0	0	0	0	wrote	routes
B	0.683	retrieve	0	0	0	0	wrote	route
B	0.683	decode	0	0	0	0	wrote	rate
B	0.683	retrieve	0	0	0	0	shall	charles
B	0.683	retrieve	0	0	0	0	gas	grâce
B	0.683	retrieve	0	0	0	0	gas	grace
B	0.683	retrieve	0	0	0	0	moved	mouvements
B	0.683	retrieve	0	0	0	0	moved	mouvement
B	0.683	retrieve	0	0	0	0	credit	christ
B	0.683	retrieve	0	0	0	0	cross	gosses
B	0.683	retrieve	0	0	0	0	cross	gosse
B	0.682	retrieve	0	0	0	0	like	là
B	0.682	retrieve	0	0	0	0	out	actes
B	0.682	retrieve	0	0	0	0	time	tas
B	0.682	retrieve	0	0	0	0	go	gauche
B	0.682	retrieve	0	0	0	0	take	thé
B	0.682	retrieve	0	0	0	0	same	ses
B	0.682	retrieve	0	0	0	0	find	façade
B	0.682	retrieve	0	0	0	0	found	façade
B	0.682	retrieve	0	0	0	0	name	nés
B	0.682	retrieve	0	0	0	0	name	née
B	0.682	retrieve	0	0	0	0	live	là
B	0.682	retrieve	0	0	0	0	came	quai
B	0.682	retrieve	0	0	0	0	book	banques
B	0.682	retrieve	0	0	0	0	book	banque
B	0.682	retrieve	0	0	0	0	happy	pis
B	0.682	retrieve	0	0	0	0	final	facile
B	0.682	retrieve	0	0	0	0	type	tas
B	0.682	retrieve	0	0	0	0	total	totale
B	0.682	retrieve	0	0	0	1	issues	house
B	0.682	retrieve	0	0	0	0	movie	mouvements
B	0.682	retrieve	0	0	0	0	movie	mouvement
B	0.682	retrieve	0	0	0	0	save	ses
B	0.682	retrieve	0	0	0	0	council	canal
B	0.682	retrieve	0	0	0	0	ice	axe
B	0.682	retrieve	0	0	0	0	heavy	vit
B	0.682	retrieve	0	0	0	0	heavy	vis
B	0.681	retrieve	0	0	0	0	while	toile
B	0.681	decode	0	0	0	0	both	beauf
B	0.681	retrieve	0	0	0	0	three	prix
B	0.681	retrieve	0	0	0	0	thought	pote
B	0.681	retrieve	0	0	0	0	top	types
B	0.681	retrieve	0	0	0	0	far	forts
B	0.681	decode	0	1	0	1	especially	et pêcheries
B	0.681	retrieve	0	0	0	0	problems	probablement
B	0.681	retrieve	0	0	0	0	mom	mêmes
B	0.681	retrieve	0	0	0	0	increase	christ
B	0.681	retrieve	0	0	0	1	lol	lille
B	0.68	retrieve	0	0	0	0	area	ère
B	0.68	retrieve	0	0	0	0	area	aire
B	0.68	retrieve	0	0	0	0	mind	madrid
B	0.68	retrieve	0	0	0	0	wrong	rome
B	0.68	retrieve	0	0	0	0	song	sommes
B	0.679	retrieve	0	0	0	0	find	fans
B	0.679	retrieve	0	0	0	0	found	fans
B	0.679	retrieve	0	0	0	0	week	pique
B	0.679	decode	0	0	0	0	told	taule
B	0.679	retrieve	0	0	0	0	kind	cannes
B	0.679	retrieve	0	0	0	0	kind	can
B	0.679	decode	0	0	0	0	kind	cane
B	0.679	retrieve	0	0	0	0	mind	man
B	0.679	retrieve	0	0	0	0	gold	gaulle
B	0.679	decode	0	0	0	0	gold	gaule
B	0.679	retrieve	0	0	0	1	david	décide
B	0.679	retrieve	0	0	0	0	review	roux
B	0.679	retrieve	0	0	0	0	science	sagesse
B	0.679	decode	0	0	0	1	washington	washington
B	0.679	retrieve	0	0	0	0	wanna	ne
B	0.679	retrieve	0	0	0	0	effect	directe
B	0.679	retrieve	0	0	0	0	levels	lèvres
B	0.679	retrieve	0	0	0	0	interested	terrestre
B	0.679	retrieve	0	0	0	0	interested	restera
B	0.679	retrieve	0	0	0	1	france	francis
B	0.678	retrieve	0	0	0	0	before	bords
B	0.678	retrieve	0	0	0	0	before	bord
B	0.678	retrieve	0	0	0	0	since	six
B	0.678	retrieve	0	0	0	0	thought	note
B	0.678	decode	0	1	0	0	yourself	et elfes
B	0.678	retrieve	0	0	0	0	kids	quinze
B	0.678	retrieve	0	0	0	1	de	dessus
B	0.678	retrieve	0	0	0	0	card	gardes
B	0.678	retrieve	0	0	0	1	cases	quai
B	0.678	retrieve	0	0	0	0	awesome	hum
B	0.678	retrieve	0	0	0	0	awesome	hommes
B	0.677	retrieve	0	0	0	0	being	big
B	0.677	retrieve	0	0	0	0	project	prétexte
B	0.677	retrieve	0	0	0	0	perfect	préfecture
B	0.677	retrieve	0	0	0	0	french	frères
B	0.677	retrieve	0	0	0	0	paper	pp
B	0.677	decode	0	0	0	0	female	final
B	0.677	decode	0	0	0	1	finished	finish
B	0.676	retrieve	0	0	0	0	since	cesse
B	0.676	retrieve	0	0	0	0	fact	actes
B	0.676	retrieve	0	0	0	0	fact	acte
B	0.676	retrieve	0	0	0	0	body	by
B	0.676	retrieve	0	0	0	0	probably	publie
B	0.676	retrieve	0	0	0	0	ready	ray
B	0.676	retrieve	0	0	0	0	ready	riz
B	0.676	decode	0	0	0	0	price	passent
B	0.676	decode	0	0	0	0	land	lad
B	0.676	retrieve	0	0	0	0	record	ray
B	0.676	decode	0	0	0	1	st	cette
B	0.676	retrieve	0	0	0	0	fans	phase
B	0.676	retrieve	0	0	0	0	brain	brésil
B	0.676	retrieve	0	0	0	0	cancer	casse
B	0.675	retrieve	0	0	0	0	family	folie
B	0.675	retrieve	0	0	0	0	real	riz
B	0.675	retrieve	0	0	0	0	gonna	ne
B	0.675	retrieve	0	0	0	0	finally	folie
B	0.675	retrieve	0	0	1	0	lives	lave
B	0.675	retrieve	0	0	0	0	drive	drapeau
B	0.675	retrieve	0	0	0	0	character	correct
B	0.675	retrieve	0	0	0	0	limited	lord
B	0.675	retrieve	0	0	0	0	miles	mâle
B	0.675	retrieve	0	0	0	0	miles	mal
B	0.675	retrieve	0	0	0	0	favorite	fortes
B	0.675	retrieve	0	0	0	0	favorite	forte
B	0.675	retrieve	0	0	0	0	goals	gaulle
B	0.675	decode	0	0	0	0	goals	gaule
B	0.674	decode	0	0	0	0	about	battent
B	0.674	decode	0	0	0	0	works	axe
B	0.674	retrieve	0	0	0	0	bring	brun
B	0.674	retrieve	0	0	0	0	perfect	pacte
B	0.674	retrieve	0	0	0	0	worked	actes
B	0.674	retrieve	0	0	0	0	worked	acte
B	0.674	decode	0	0	0	0	follow	falot
B	0.674	retrieve	0	0	0	0	step	stephen
B	0.674	decode	0	0	0	1	allowed	lad
B	0.674	retrieve	0	0	0	0	brown	bravo
B	0.673	retrieve	0	0	0	0	day	dc
B	0.673	retrieve	0	0	0	0	long	lors
B	0.673	retrieve	0	0	0	0	five	phase
B	0.673	retrieve	0	0	0	0	stay	stéphane
B	0.673	retrieve	0	0	0	0	seems	si
B	0.673	decode	0	0	0	0	killed	guilde
B	0.673	retrieve	0	0	0	0	needed	nice
B	0.673	retrieve	0	0	0	0	fast	fêtes
B	0.673	retrieve	0	0	0	0	fast	fête
B	0.673	retrieve	0	0	0	1	friday	frappé
B	0.673	retrieve	0	0	0	1	friday	frapper
B	0.673	decode	0	0	0	1	friday	frappée
B	0.673	retrieve	0	0	0	0	search	sache
B	0.672	retrieve	0	0	0	0	nice	nan
B	0.672	decode	0	0	0	0	final	fatal
B	0.672	decode	0	0	0	0	travel	tremble
B	0.671	retrieve	0	0	0	0	year	your
B	0.671	retrieve	0	0	0	0	look	lac
B	0.671	decode	0	0	0	0	give	gave
B	0.671	retrieve	0	0	0	0	again	haine
B	0.671	retrieve	0	0	0	0	ask	disques
B	0.671	retrieve	0	0	0	0	ask	disque
B	0.671	retrieve	0	0	1	0	police	puissent
B	0.671	decode	0	1	0	0	energy	un j
B	0.671	retrieve	0	0	0	0	brother	bras
B	0.671	retrieve	0	0	0	0	quickly	clip
B	0.671	retrieve	0	0	0	0	quickly	clients
B	0.671	retrieve	0	0	0	0	kid	codes
B	0.67	retrieve	0	0	0	1	who	où
B	0.67	retrieve	0	0	0	1	who	ou
B	0.67	retrieve	0	0	0	0	real	réels
B	0.67	decode	0	0	0	0	real	réel
B	0.67	retrieve	0	0	0	0	black	blagues
B	0.67	decode	0	0	0	1	tv	dévie
B	0.67	retrieve	0	0	0	0	sound	ça
B	0.67	retrieve	0	0	0	0	sound	sa
B	0.67	retrieve	0	0	0	0	production	prenant
B	0.67	retrieve	0	0	0	0	stuff	steve
B	0.67	retrieve	0	0	0	0	recent	christ
B	0.67	retrieve	0	0	0	0	moving	mouvements
B	0.67	retrieve	0	0	0	0	moving	mouvement
B	0.67	decode	0	0	0	0	costs	cote
B	0.67	retrieve	0	0	0	0	subject	suspect
B	0.67	retrieve	0	0	0	0	product	pacte
B	0.67	retrieve	0	0	0	1	unit	you
B	0.67	retrieve	0	0	0	0	brain	brun
B	0.669	retrieve	0	0	0	0	old	solde
B	0.669	retrieve	0	0	1	0	place	plaît
B	0.669	retrieve	0	0	0	0	wait	ouest
B	0.669	retrieve	0	0	0	0	percent	pen
B	0.669	retrieve	0	0	0	0	percent	peines
B	0.669	decode	0	0	0	0	percent	peine
B	0.669	retrieve	0	0	0	0	spent	pen
B	0.669	decode	0	0	0	0	spent	peine
B	0.669	retrieve	0	0	0	0	weight	ouest
B	0.669	retrieve	0	0	0	0	join	donnent
B	0.669	decode	0	0	0	0	join	donne
B	0.668	retrieve	0	0	0	0	state	sept
B	0.668	decode	0	0	0	0	state	cette
B	0.668	retrieve	0	0	0	0	reason	rien
B	0.668	decode	0	1	0	1	companies	on venise
B	0.668	retrieve	0	0	0	1	received	rive
B	0.668	decode	0	0	0	1	received	rives
B	0.668	retrieve	0	0	0	0	beyond	bonnes
B	0.668	retrieve	0	0	0	0	beyond	bonne
B	0.668	retrieve	0	0	0	0	spend	pen
B	0.668	retrieve	0	0	0	0	spend	peines
B	0.668	decode	0	0	0	0	spend	peine
B	0.667	retrieve	0	0	0	0	data	dr
B	0.667	decode	0	0	0	0	front	francs
B	0.667	retrieve	0	0	0	0	dog	dingue
B	0.667	retrieve	0	0	0	0	events	vais
B	0.667	retrieve	0	0	0	1	sir	se
B	0.667	retrieve	0	0	0	1	sir	ce
B	0.667	retrieve	0	0	0	0	minister	mixte
B	0.667	retrieve	0	0	1	0	western	ouais
B	0.666	retrieve	0	0	0	0	just	déteste
B	0.666	retrieve	0	0	0	0	great	gris
B	0.666	retrieve	0	0	0	0	money	my
B	0.666	retrieve	0	0	1	0	public	publiques
B	0.666	retrieve	0	0	1	0	public	publique
B	0.666	decode	0	0	1	0	public	public
B	0.666	retrieve	0	0	0	0	comes	quinze
B	0.666	retrieve	0	0	0	0	late	listes
B	0.666	retrieve	0	0	0	0	played	plaît
B	0.666	retrieve	0	0	0	0	played	play
B	0.666	retrieve	0	0	0	1	companies	venise
B	0.666	retrieve	0	0	0	0	trade	très
B	0.666	retrieve	0	0	0	0	trade	traits
B	0.666	retrieve	0	0	0	0	nearly	lit
B	0.666	retrieve	0	0	0	0	nearly	lis
B	0.666	retrieve	0	0	0	0	travel	triple
B	0.666	decode	0	0	0	0	nature	niches
B	0.666	retrieve	0	0	0	0	computer	courts
B	0.666	retrieve	0	0	0	0	computer	court
B	0.666	retrieve	0	0	1	0	lines	là
B	0.666	retrieve	0	0	1	0	lines	las
B	0.665	decode	0	0	0	0	schools	coule
B	0.665	retrieve	0	0	0	0	century	seine
B	0.665	retrieve	0	0	0	0	century	scènes
B	0.665	retrieve	0	0	0	0	limited	lourdes
B	0.665	retrieve	0	0	0	0	secretary	écrits
B	0.665	retrieve	0	0	0	0	secretary	écrit
B	0.665	retrieve	0	0	0	1	features	fiche
B	0.665	retrieve	0	0	1	0	stupid	stade
B	0.664	retrieve	0	0	0	0	around	rapides
B	0.664	retrieve	0	0	0	0	behind	bandes
B	0.664	retrieve	0	0	0	0	behind	bande
B	0.664	retrieve	0	0	0	0	security	souris
B	0.664	retrieve	0	0	0	0	round	rapides
B	0.664	retrieve	0	0	0	0	practice	presse
B	0.664	retrieve	0	0	0	1	france	fréquence
B	0.663	retrieve	0	0	0	0	you	où
B	0.663	retrieve	0	0	0	0	help	alpes
B	0.663	retrieve	0	0	0	0	social	sociales
B	0.663	retrieve	0	0	0	0	social	sociale
B	0.663	retrieve	0	0	0	0	players	plaît
B	0.663	retrieve	0	0	0	0	players	play
B	0.663	retrieve	0	0	0	0	gave	grève
B	0.663	retrieve	0	0	0	1	systems	steve
B	0.663	retrieve	0	0	0	0	box	max
B	0.663	decode	0	0	0	0	heavy	avis
B	0.662	retrieve	0	0	0	0	art	partent
B	0.662	retrieve	0	0	0	0	art	charte
B	0.662	decode	0	0	0	0	eat	hit
B	0.662	retrieve	0	0	0	0	website	ouest
B	0.662	retrieve	0	0	0	0	box	basse
B	0.662	retrieve	0	0	0	1	february	librairie
B	0.662	retrieve	0	0	0	0	leading	liquide
B	0.662	retrieve	0	0	1	0	contact	contacts
B	0.662	decode	0	0	1	0	contact	contact
B	0.661	retrieve	0	0	0	0	school	scandale
B	0.661	decode	0	0	0	0	start	tarte
B	0.661	retrieve	0	0	0	0	fuck	franck
B	0.661	retrieve	0	0	0	0	happy	tapis
B	0.661	retrieve	0	0	0	0	report	potes
B	0.661	retrieve	0	0	0	0	myself	massif
B	0.661	retrieve	0	0	0	0	society	séries
B	0.661	retrieve	0	0	0	0	dog	drogue
B	0.661	retrieve	0	0	0	0	parts	partent
B	0.661	decode	0	0	0	0	quickly	cliquez
B	0.661	decode	0	0	0	0	forces	fausse
B	0.661	retrieve	0	0	0	0	cancer	caisses
B	0.661	retrieve	0	0	0	0	dance	dix
B	0.66	retrieve	0	0	0	0	really	rempli
B	0.66	retrieve	0	0	0	0	often	offres
B	0.66	retrieve	0	0	0	0	often	offrent
B	0.66	retrieve	0	0	0	1	sometimes	times
B	0.66	retrieve	0	0	0	0	production	prenez
B	0.66	retrieve	0	0	0	0	council	câble
B	0.66	retrieve	0	0	0	0	parts	parce
B	0.66	retrieve	0	0	0	0	successful	sexuelles
B	0.66	retrieve	0	0	0	0	successful	sexuelle
B	0.66	retrieve	0	0	0	1	russia	re
B	0.66	retrieve	0	0	0	0	worst	veste
B	0.659	retrieve	0	0	0	0	season	si
B	0.659	retrieve	0	0	0	0	hours	assise
B	0.659	decode	0	0	0	0	large	large
B	0.659	retrieve	0	0	0	1	york	arc
B	0.659	retrieve	0	0	0	0	special	spectacles
B	0.659	retrieve	0	0	0	0	special	spectacle
B	0.659	retrieve	0	0	0	0	reason	riz
B	0.659	retrieve	0	0	0	0	whether	ouest
B	0.659	retrieve	0	0	0	0	finally	failli
B	0.659	retrieve	0	0	0	1	model	mâle
B	0.659	retrieve	0	0	0	1	model	mal
B	0.659	retrieve	0	0	0	0	leading	ligne
B	0.659	decode	0	0	0	0	families	valises
B	0.658	retrieve	0	0	0	0	world	solde
B	0.658	decode	0	0	0	0	across	crasse
B	0.658	decode	0	1	0	1	whatever	et ève
B	0.658	retrieve	0	0	0	0	science	sens
B	0.658	retrieve	0	0	0	0	staff	sauf
B	0.658	retrieve	0	0	0	1	visit	vite
B	0.658	retrieve	0	0	0	0	interesting	terrestre
B	0.658	retrieve	0	0	0	0	defense	fesses
B	0.657	retrieve	0	0	0	0	today	te
B	0.657	retrieve	0	0	0	0	research	roche
B	0.657	retrieve	0	0	0	0	policy	précis
B	0.657	retrieve	0	0	0	0	built	bite
B	0.657	retrieve	0	0	0	0	figure	filles
B	0.657	retrieve	0	0	0	0	figure	fille
B	0.657	retrieve	0	0	0	0	voice	vice
B	0.657	decode	0	0	0	0	gives	guise
B	0.657	retrieve	0	0	0	0	eight	élite
B	0.657	decode	0	1	0	0	interested	on reste
B	0.657	retrieve	0	0	0	0	lady	lit
B	0.656	retrieve	0	0	0	0	going	go
B	0.656	retrieve	0	0	0	0	while	voile
B	0.656	retrieve	0	0	0	1	little	lol
B	0.656	retrieve	0	0	0	1	saying	ses
B	0.656	retrieve	0	0	0	1	saying	ces
B	0.656	retrieve	0	0	0	0	reading	rien
B	0.656	retrieve	0	0	0	0	practice	prince
B	0.655	retrieve	0	0	0	0	its	metz
B	0.655	retrieve	0	0	0	0	may	mérite
B	0.655	retrieve	0	0	0	1	used	your
B	0.655	decode	0	0	0	0	every	offrit
B	0.655	retrieve	0	0	0	0	school	boule
B	0.655	retrieve	0	0	0	1	person	pen
B	0.655	retrieve	0	0	0	1	person	peines
B	0.655	decode	0	0	0	1	person	peine
B	0.655	retrieve	0	0	0	0	believe	blé
B	0.655	retrieve	0	0	0	0	five	fasse
B	0.655	retrieve	0	0	0	0	president	prêts
B	0.655	retrieve	0	0	0	0	comes	causes
B	0.655	decode	0	0	0	0	comes	cause
B	0.655	retrieve	0	0	0	0	space	ps
B	0.655	retrieve	0	0	1	0	club	clip
B	0.655	retrieve	0	0	0	1	middle	mille
B	0.655	retrieve	0	0	0	0	books	bosse
B	0.655	retrieve	0	0	0	0	books	boss
B	0.655	retrieve	0	0	0	0	terms	thèse
B	0.655	retrieve	0	0	0	0	built	bêtes
B	0.655	decode	0	0	0	0	practice	précoce
B	0.655	decode	0	0	0	0	access	accès
B	0.655	retrieve	0	0	1	0	district	directe
B	0.655	retrieve	0	0	1	0	district	direct
B	0.655	retrieve	0	0	0	0	interesting	restera
B	0.655	decode	0	1	0	1	additional	et chenal
B	0.654	decode	0	0	0	0	based	peste
B	0.654	retrieve	0	0	0	0	private	prête
B	0.654	retrieve	0	0	0	0	complete	complète
B	0.654	decode	0	0	0	0	complete	complètes
B	0.654	decode	0	0	1	0	lines	lasse
B	0.654	decode	0	1	0	0	contract	en tracts
B	0.653	retrieve	0	0	0	0	doing	douce
B	0.653	retrieve	0	0	0	0	took	turc
B	0.653	retrieve	0	0	0	0	makes	mes
B	0.653	retrieve	0	0	0	0	months	mince
B	0.653	retrieve	0	0	0	0	kids	crises
B	0.653	retrieve	0	0	0	0	meeting	mines
B	0.653	retrieve	0	0	0	0	meeting	mine
B	0.653	retrieve	0	0	0	1	attention	antenne
B	0.653	retrieve	0	0	0	0	entire	haine
B	0.653	retrieve	0	0	0	1	currently	conflits
B	0.653	retrieve	0	0	0	1	currently	conflit
B	0.653	retrieve	0	0	0	0	married	marie
B	0.653	retrieve	0	0	0	0	nature	nés
B	0.653	retrieve	0	0	0	0	nature	née
B	0.653	retrieve	0	0	0	0	teams	types
B	0.653	retrieve	0	0	0	0	coach	co
B	0.653	retrieve	0	0	0	0	generally	délit
B	0.652	retrieve	0	0	0	0	are	arts
B	0.652	retrieve	0	0	0	0	are	art
B	0.652	decode	0	0	0	0	are	are
B	0.652	retrieve	0	0	0	1	little	lille
B	0.652	decode	0	0	0	0	open	aubaine
B	0.652	decode	0	0	0	0	report	porte
B	0.652	retrieve	0	0	0	0	media	mini
B	0.652	retrieve	0	0	0	1	recently	riz
B	0.652	retrieve	0	0	0	1	student	cest
B	0.652	retrieve	0	0	0	0	minute	monte
B	0.652	retrieve	0	0	0	1	posted	pot
B	0.652	retrieve	0	0	0	1	posted	po
B	0.651	retrieve	0	0	0	0	lot	listes
B	0.651	retrieve	0	0	0	0	lot	liste
B	0.651	retrieve	0	0	0	0	told	tôt
B	0.651	retrieve	0	0	0	0	told	taux
B	0.651	retrieve	0	0	0	0	looks	ex
B	0.651	retrieve	0	0	0	0	record	respecte
B	0.651	retrieve	0	0	0	0	military	angleterre
B	0.651	retrieve	0	0	0	1	issues	douze
B	0.651	retrieve	0	0	0	0	rights	traces
B	0.651	retrieve	0	0	0	0	gold	go
B	0.651	retrieve	0	0	0	0	learn	lune
B	0.651	retrieve	0	0	0	0	reading	riz
B	0.651	retrieve	0	0	0	0	character	contacts
B	0.651	retrieve	0	0	0	0	professional	prenait
B	0.651	retrieve	0	0	0	1	cases	quinze
B	0.651	decode	0	0	0	1	cases	cause
B	0.651	retrieve	0	0	0	0	rock	risques
B	0.651	retrieve	0	0	0	0	rock	risque
B	0.651	retrieve	0	0	0	0	cold	co
B	0.651	retrieve	0	0	0	0	sales	sérieuse
B	0.651	retrieve	0	0	0	0	minute	mettent
B	0.651	retrieve	0	0	0	0	photo	faux
B	0.651	retrieve	0	0	0	0	photo	faut
B	0.651	retrieve	0	0	0	0	coach	couches
B	0.651	retrieve	0	0	0	1	named	nés
B	0.651	retrieve	0	0	0	1	named	née
B	0.65	retrieve	0	0	0	0	just	gestes
B	0.65	decode	0	0	0	0	just	geste
B	0.65	decode	0	0	0	1	national	chenal
B	0.65	retrieve	0	0	0	0	study	dits
B	0.65	retrieve	0	0	0	0	result	révolte
B	0.65	retrieve	0	0	0	0	design	dan
B	0.65	decode	0	0	0	0	areas	errer
B	0.65	retrieve	0	0	0	0	modern	marne
B	0.65	decode	0	0	0	0	plans	plane
B	0.65	retrieve	0	0	0	0	despite	pâte
B	0.65	retrieve	0	0	0	0	despite	pattes
B	0.65	retrieve	0	0	0	0	battle	balles
B	0.65	retrieve	0	0	0	0	battle	balle
B	0.65	retrieve	0	0	1	0	majority	mairie
B	0.649	retrieve	0	0	0	0	good	grandes
B	0.649	retrieve	0	0	0	1	minutes	mince
B	0.649	retrieve	0	0	0	1	held	solde
B	0.649	retrieve	0	0	0	0	break	brésil
B	0.649	retrieve	0	0	0	0	page	pages
B	0.649	decode	0	0	0	0	page	page
B	0.649	retrieve	0	0	0	0	simply	rempli
B	0.648	retrieve	0	0	0	0	between	ben
B	0.648	retrieve	0	0	0	0	times	tas
B	0.648	retrieve	0	0	0	0	times	ta
B	0.648	retrieve	0	0	0	0	white	boîtes
B	0.648	retrieve	0	0	0	0	white	boîte
B	0.648	retrieve	0	0	0	1	using	you
B	0.648	retrieve	0	0	0	0	stay	cités
B	0.648	retrieve	0	0	0	0	heart	cartes
B	0.648	retrieve	0	0	0	0	heart	carte
B	0.648	retrieve	0	0	0	1	middle	mâle
B	0.648	retrieve	0	0	1	0	lives	là
B	0.648	retrieve	0	0	0	1	systems	strictement
B	0.648	retrieve	0	0	0	0	sales	ses
B	0.648	retrieve	0	0	0	0	drop	drame
B	0.648	retrieve	0	0	0	0	goals	go
B	0.648	retrieve	0	0	0	0	product	prête
B	0.647	retrieve	0	0	0	0	complete	quitte
B	0.647	retrieve	0	0	0	1	visit	visites
B	0.647	retrieve	0	0	0	1	station	stephen
B	0.647	retrieve	0	0	0	0	judge	jazz
B	0.646	retrieve	0	0	0	0	between	mines
B	0.646	decode	0	0	0	0	between	mine
B	0.646	retrieve	0	0	0	0	gave	graves
B	0.646	retrieve	0	0	0	0	killed	claude
B	0.646	retrieve	0	0	0	0	project	pacte
B	0.646	retrieve	0	0	0	1	june	donnent
B	0.646	retrieve	0	0	0	1	june	donne
B	0.646	retrieve	0	0	1	0	film	flammes
B	0.646	retrieve	0	0	0	0	county	cannabis
B	0.646	retrieve	0	0	0	0	break	bac
B	0.646	retrieve	0	0	0	0	provide	prenant
B	0.646	retrieve	0	0	0	0	staff	stade
B	0.646	retrieve	0	0	0	0	build	blonde
B	0.646	retrieve	0	0	0	0	dark	doc
B	0.646	retrieve	0	0	0	0	travel	troubles
B	0.645	retrieve	0	0	0	0	long	lol
B	0.645	retrieve	0	0	0	1	company	compagnies
B	0.645	retrieve	0	0	0	1	company	compagnie
B	0.645	retrieve	0	0	0	0	believe	yves
B	0.645	decode	0	0	0	0	season	six
B	0.645	retrieve	0	0	0	0	body	dits
B	0.645	retrieve	0	0	0	0	front	frais
B	0.645	decode	0	0	1	0	experience	exprime
B	0.645	retrieve	0	0	0	1	hold	solde
B	0.645	decode	0	0	0	1	version	veine
B	0.645	retrieve	0	0	0	0	professional	prenant
B	0.645	retrieve	0	0	0	0	minister	modeste
B	0.645	retrieve	0	0	0	0	required	quoi
B	0.645	retrieve	0	0	0	0	treatment	traitements
B	0.645	retrieve	0	0	0	1	immediately	midi
B	0.645	retrieve	0	0	0	1	manager	mange
B	0.645	retrieve	0	0	0	1	gotta	re
B	0.645	retrieve	0	0	0	1	features	fit
B	0.645	retrieve	0	0	0	0	sports	sportifs
B	0.645	retrieve	0	0	0	0	sports	sportif
B	0.645	decode	0	0	1	0	active	active
B	0.644	retrieve	0	0	0	0	again	seine
B	0.644	retrieve	0	0	0	1	instead	aides
B	0.644	retrieve	0	0	0	1	instead	aide
B	0.644	retrieve	0	0	0	0	brother	brun
B	0.644	retrieve	0	0	0	0	events	viennent
B	0.644	retrieve	0	0	0	0	required	pourquoi
B	0.644	retrieve	0	0	0	0	seriously	syrie
B	0.643	retrieve	0	0	0	1	only	lit
B	0.643	retrieve	0	0	0	1	only	lis
B	0.643	retrieve	0	0	0	0	want	honnête
B	0.643	decode	0	0	0	0	even	hiver
B	0.643	decode	0	0	0	0	reason	résonne
B	0.643	retrieve	0	0	0	0	front	fautes
B	0.643	decode	0	0	0	0	bring	briques
B	0.643	retrieve	0	0	0	0	areas	aise
B	0.643	retrieve	0	0	0	1	australia	australie
B	0.643	retrieve	0	0	0	0	fans	phrases
B	0.643	retrieve	0	0	1	0	album	albums
B	0.643	decode	0	0	1	0	album	album
B	0.643	retrieve	0	0	0	0	plans	plats
B	0.643	retrieve	0	0	0	0	plans	plat
B	0.642	decode	0	0	0	0	on	aune
B	0.642	decode	0	0	0	0	if	if
B	0.642	decode	0	0	0	0	law	lots
B	0.642	retrieve	0	0	0	0	community	cris
B	0.642	decode	0	0	0	0	saw	saut
B	0.642	retrieve	0	0	0	0	points	pote
B	0.642	retrieve	0	0	0	0	areas	ère
B	0.642	retrieve	0	0	0	0	consider	que
B	0.642	retrieve	0	0	0	0	contract	contacts
B	0.642	retrieve	0	0	0	0	contract	contact
B	0.642	retrieve	0	0	1	0	majority	marie
B	0.642	retrieve	0	0	0	0	seriously	ceci
B	0.641	retrieve	0	0	0	0	states	cesse
B	0.641	retrieve	0	0	0	0	question	questions
B	0.641	decode	0	0	0	0	question	question
B	0.641	retrieve	0	0	0	0	current	conte
B	0.641	retrieve	0	0	0	0	current	comte
B	0.641	retrieve	0	0	0	0	church	tâches
B	0.641	retrieve	0	0	0	0	church	tâche
B	0.641	retrieve	0	0	0	1	september	susceptibles
B	0.641	retrieve	0	0	0	1	definitely	délit
B	0.641	retrieve	0	0	0	1	nobody	normandie
B	0.64	retrieve	0	0	0	0	people	peuples
B	0.64	retrieve	0	0	0	0	today	tenait
B	0.64	retrieve	0	0	0	0	states	stéphane
B	0.64	retrieve	0	0	0	0	stop	stade
B	0.64	decode	0	0	0	1	similar	semelle
B	0.64	retrieve	0	0	0	1	couple	câble
B	0.64	retrieve	0	0	0	0	private	profite
B	0.64	retrieve	0	0	0	0	girls	gaz
B	0.64	retrieve	0	0	0	0	page	piège
B	0.64	retrieve	0	0	0	0	serious	six
B	0.64	retrieve	0	0	0	1	chinese	venise
B	0.64	decode	0	0	0	1	posted	poste
B	0.64	retrieve	0	0	0	1	unit	your
B	0.639	retrieve	0	0	0	0	did	décide
B	0.639	retrieve	0	0	1	0	john	donnent
B	0.639	retrieve	0	0	0	0	market	marques
B	0.639	retrieve	0	0	0	0	market	marque
B	0.639	decode	0	0	0	0	policy	pâlit
B	0.639	retrieve	0	0	0	0	provide	prenez
B	0.639	retrieve	0	0	0	0	entire	time
B	0.639	retrieve	0	0	0	0	increase	actrice
B	0.639	retrieve	0	0	1	0	specific	spécifiques
B	0.639	retrieve	0	0	1	0	specific	spécifique
B	0.639	decode	0	0	0	0	focus	fox
B	0.638	retrieve	0	0	0	0	give	graves
B	0.638	retrieve	0	0	0	1	remember	mêmes
B	0.638	retrieve	0	0	0	1	remember	même
B	0.638	retrieve	0	0	0	0	moment	menée
B	0.638	retrieve	0	0	0	0	moment	mené
B	0.638	retrieve	0	0	0	0	itself	sel
B	0.638	retrieve	0	0	0	0	itself	celles
B	0.638	retrieve	0	0	0	0	anti	time
B	0.638	retrieve	0	0	0	0	sounds	ça
B	0.638	retrieve	0	0	0	0	sounds	sa
B	0.637	retrieve	0	0	0	0	of	av
B	0.637	retrieve	0	0	0	0	in	haine
B	0.637	decode	0	0	0	0	in	n
B	0.637	retrieve	0	0	0	0	is	aise
B	0.637	retrieve	0	0	0	0	it	êtes
B	0.637	retrieve	0	0	0	0	at	hâte
B	0.637	retrieve	0	0	0	0	an	anne
B	0.637	decode	0	0	0	0	an	âne
B	0.637	decode	0	0	0	0	up	happe
B	0.637	retrieve	0	0	0	0	were	ouais
B	0.637	retrieve	0	0	0	0	us	hausse
B	0.637	retrieve	0	0	0	0	us	as
B	0.637	decode	0	0	0	0	off	œuf
B	0.637	retrieve	0	0	0	0	am	âmes
B	0.637	retrieve	0	0	0	0	am	âme
B	0.637	retrieve	0	0	0	0	per	paix
B	0.637	retrieve	0	0	0	0	per	paie
B	0.637	retrieve	0	0	0	0	able	épaules
B	0.637	retrieve	0	0	0	0	able	épaule
B	0.637	retrieve	0	0	0	1	watch	matchs
B	0.637	retrieve	0	0	0	1	watch	matches
B	0.637	decode	0	0	0	0	study	tandis
B	0.637	decode	0	0	0	1	al	al
B	0.637	retrieve	0	0	0	1	add	ad
B	0.637	retrieve	0	0	0	0	la	là
B	0.637	retrieve	0	0	0	0	la	les
B	0.637	decode	0	1	0	0	la	la
B	0.637	decode	0	0	0	0	offer	œuf
B	0.637	retrieve	0	0	0	0	places	plaît
B	0.637	retrieve	0	0	0	0	places	play
B	0.637	retrieve	0	0	0	1	ass	as
B	0.637	retrieve	0	0	0	0	region	rien
B	0.637	retrieve	0	0	0	0	drop	droits
B	0.637	decode	0	0	0	0	photo	forêt
B	0.637	retrieve	0	0	0	0	wide	froide
B	0.637	decode	0	0	0	0	brain	bride
B	0.636	retrieve	0	0	0	0	want	ouest
B	0.636	retrieve	0	0	0	0	stop	soupe
B	0.636	decode	0	1	0	0	history	est ri
B	0.636	retrieve	0	0	0	1	similar	cible
B	0.636	retrieve	0	0	0	0	result	récolte
B	0.636	retrieve	0	0	1	0	stand	stupide
B	0.636	retrieve	0	0	0	1	amount	matt
B	0.636	retrieve	0	0	0	1	attention	centaines
B	0.636	retrieve	0	0	0	1	justice	distance
B	0.636	decode	0	0	1	0	majority	major
B	0.636	decode	0	0	0	1	opening	happening
B	0.635	retrieve	0	0	0	0	question	ouest
B	0.635	decode	0	0	0	0	project	projet
B	0.635	decode	0	0	0	0	cold	cause
B	0.635	retrieve	0	0	0	1	recently	rempli
B	0.634	retrieve	0	0	0	1	because	bases
B	0.634	retrieve	0	0	0	1	because	base
B	0.634	retrieve	0	0	0	1	service	cesse
B	0.634	decode	0	0	0	1	become	baume
B	0.634	retrieve	0	0	0	0	research	riches
B	0.634	retrieve	0	0	0	0	future	fiche
B	0.634	retrieve	0	0	0	0	age	étages
B	0.634	retrieve	0	0	0	0	age	étage
B	0.634	retrieve	0	0	0	0	yourself	marcel
B	0.634	retrieve	0	0	0	1	similar	sel
B	0.634	retrieve	0	0	0	1	common	cannes
B	0.634	retrieve	0	0	0	1	common	can
B	0.634	decode	0	0	0	1	common	cane
B	0.634	retrieve	0	0	0	0	range	ré
B	0.634	retrieve	0	0	0	1	perhaps	passes
B	0.634	retrieve	0	0	0	1	perhaps	passent
B	0.634	decode	0	0	0	0	internet	in êtes
B	0.634	retrieve	0	0	0	0	subject	aspects
B	0.634	retrieve	0	0	0	0	civil	sols
B	0.634	retrieve	0	0	0	0	civil	sol
B	0.634	retrieve	0	0	0	0	weekend	africaine
B	0.633	retrieve	0	0	0	0	hard	gardes
B	0.633	retrieve	0	0	0	0	hard	garde
B	0.633	retrieve	0	0	0	1	version	van
B	0.633	retrieve	0	0	0	1	jesus	disent
B	0.633	retrieve	0	0	0	1	jesus	dise
B	0.633	decode	0	0	0	0	growing	grogne
B	0.633	decode	0	0	0	0	sports	sport
B	0.633	retrieve	0	0	0	0	defense	danse
B	0.632	retrieve	0	0	0	0	maybe	my
B	0.632	retrieve	0	0	0	1	uk	you
B	0.632	retrieve	0	0	0	0	products	presse
B	0.632	retrieve	0	0	0	1	collection	collections
B	0.632	retrieve	0	0	0	0	biggest	baptiste
B	0.631	decode	0	0	0	0	support	porte
B	0.631	retrieve	0	0	0	0	started	stars
B	0.631	retrieve	0	0	0	0	months	masse
B	0.631	retrieve	0	0	0	0	talking	tonnes
B	0.631	retrieve	0	0	0	0	problems	problèmes
B	0.631	retrieve	0	0	0	1	david	des
B	0.631	retrieve	0	0	0	0	picture	pêche
B	0.631	retrieve	0	0	0	0	serious	syrie
B	0.631	retrieve	0	0	0	0	stage	stéphane
B	0.631	retrieve	0	0	0	0	election	lecteurs
B	0.631	retrieve	0	0	0	0	election	lecteur
B	0.631	retrieve	0	0	0	1	listen	lune
B	0.631	decode	0	1	0	1	listen	les n
B	0.631	retrieve	0	0	0	0	culture	cache
B	0.631	retrieve	0	0	0	0	content	contexte
B	0.631	retrieve	0	0	0	0	dad	décide
B	0.63	retrieve	0	0	0	0	open	automne
B	0.63	decode	0	0	0	0	president	présidente
B	0.63	retrieve	0	0	0	0	playing	pleine
B	0.63	retrieve	0	0	0	0	playing	plaine
B	0.63	retrieve	0	0	0	0	points	pose
B	0.63	retrieve	0	0	0	0	exactly	exactement
B	0.63	retrieve	0	0	0	0	provided	prenant
B	0.63	decode	0	0	0	0	civil	cible
B	0.629	decode	0	0	0	0	of	ève
B	0.629	retrieve	0	0	0	1	however	rêves
B	0.629	retrieve	0	0	0	1	however	rêve
B	0.629	decode	0	0	0	1	single	single
B	0.629	retrieve	0	0	0	1	woman	menée
B	0.629	retrieve	0	0	0	1	woman	mené
B	0.629	retrieve	0	0	0	0	bring	bronze
B	0.629	retrieve	0	0	0	0	stage	stockage
B	0.629	decode	0	0	0	0	eye	haï
B	0.629	retrieve	0	0	0	1	double	diable
B	0.629	retrieve	0	0	0	0	region	riz
B	0.629	retrieve	0	0	1	0	contact	correct
B	0.628	retrieve	0	0	0	0	almost	modeste
B	0.628	retrieve	0	0	0	1	couple	couples
B	0.628	decode	0	0	0	1	david	défi
B	0.628	retrieve	0	0	0	1	related	regardes
B	0.628	retrieve	0	0	0	1	related	regarde
B	0.628	retrieve	0	0	0	1	decision	donnent
B	0.628	retrieve	0	0	0	1	decision	donne
B	0.628	retrieve	0	0	0	1	writing	rares
B	0.628	retrieve	0	0	0	1	writing	rare
B	0.628	retrieve	0	0	0	0	shall	cheval
B	0.628	decode	0	0	0	1	double	double
B	0.628	retrieve	0	0	0	1	russian	rhône
B	0.628	retrieve	0	0	0	1	reported	regardes
B	0.628	retrieve	0	0	0	1	reported	regarde
B	0.628	retrieve	0	0	0	0	consider	code
B	0.628	retrieve	0	0	0	0	families	églises
B	0.628	retrieve	0	0	0	0	families	église
B	0.627	decode	0	1	0	0	anyone	on n
B	0.627	decode	0	0	0	1	outside	as as
B	0.627	retrieve	0	0	0	0	strong	stock
B	0.626	retrieve	0	0	0	0	job	jazz
B	0.626	decode	0	0	0	1	possible	pas belle
B	0.626	retrieve	0	0	0	0	learn	lorraine
B	0.626	retrieve	0	0	0	0	build	bandes
B	0.626	retrieve	0	0	0	1	student	saoudite
B	0.626	retrieve	0	0	0	0	content	antenne
B	0.625	retrieve	0	0	0	0	own	aucune
B	0.625	retrieve	0	0	0	0	each	matchs
B	0.625	retrieve	0	0	0	0	each	matches
B	0.625	retrieve	0	0	0	0	big	blog
B	0.625	retrieve	0	0	0	0	hours	amuse
B	0.625	retrieve	0	0	0	0	killed	code
B	0.625	retrieve	0	0	0	0	eyes	amuse
B	0.625	retrieve	0	0	0	1	questions	question
B	0.625	retrieve	0	0	0	0	looked	lutte
B	0.625	retrieve	0	0	0	1	table	tables
B	0.625	decode	0	0	0	1	table	table
B	0.625	decode	0	0	0	1	charge	tchad
B	0.625	retrieve	0	0	0	1	double	del
B	0.625	retrieve	0	0	0	1	russian	rennes
B	0.625	retrieve	0	0	0	1	california	californie
B	0.625	retrieve	0	0	0	1	link	luc
B	0.624	retrieve	0	0	0	1	business	bosse
B	0.624	retrieve	0	0	0	1	business	boss
B	0.624	decode	0	0	0	1	music	musc
B	0.624	retrieve	0	0	0	0	games	game
B	0.624	retrieve	0	0	0	0	talking	stock
B	0.624	retrieve	0	0	0	0	total	tôt
B	0.624	retrieve	0	0	0	1	version	viennent
B	0.624	retrieve	0	0	0	0	provided	prenez
B	0.624	decode	0	1	0	1	africa	et que
B	0.623	retrieve	0	0	0	1	music	musiques
B	0.623	retrieve	0	0	0	1	music	musique
B	0.623	decode	0	0	0	0	points	poète
B	0.623	retrieve	0	0	0	1	april	épaules
B	0.623	retrieve	0	0	0	1	april	épaule
B	0.623	retrieve	0	0	0	0	value	vous
B	0.623	retrieve	0	0	0	1	whatever	rêves
B	0.623	retrieve	0	0	0	1	whatever	rêve
B	0.623	decode	0	1	0	0	itself	est celle
B	0.623	decode	0	0	0	1	jesus	disait
B	0.623	retrieve	0	0	0	1	collection	collecte
B	0.622	retrieve	0	0	0	1	he	oui
B	0.622	retrieve	0	0	0	1	he	ii
B	0.622	retrieve	0	0	0	1	service	sauce
B	0.622	retrieve	0	0	0	1	using	your
B	0.622	retrieve	0	0	0	0	games	gaz
B	0.622	retrieve	0	0	0	0	million	mines
B	0.622	retrieve	0	0	0	0	million	mine
B	0.622	retrieve	0	0	0	0	final	fans
B	0.622	retrieve	0	0	0	1	began	ben
B	0.622	decode	0	0	0	0	leaving	ligue
B	0.622	retrieve	0	0	0	0	wide	oiseaux
B	0.621	retrieve	0	0	0	1	together	te
B	0.621	retrieve	0	0	0	1	outside	attendent
B	0.621	retrieve	0	0	0	1	period	pis
B	0.621	retrieve	0	0	0	0	standard	stupide
B	0.621	retrieve	0	0	0	0	anti	times
B	0.621	retrieve	0	0	0	1	potential	petits
B	0.621	retrieve	0	0	0	1	potential	petit
B	0.621	decode	0	0	0	0	content	canette
B	0.621	decode	0	0	0	0	minute	minutes
B	0.621	retrieve	0	0	0	0	judge	job
B	0.62	retrieve	0	0	0	1	always	louer
B	0.62	decode	0	1	0	1	include	un clou
B	0.62	retrieve	0	0	0	1	period	pires
B	0.62	retrieve	0	0	0	0	alone	lorraine
B	0.62	decode	0	0	0	0	production	prochaine
B	0.62	retrieve	0	0	0	1	considered	que
B	0.62	retrieve	0	0	0	0	jobs	job
B	0.62	decode	0	0	0	0	favorite	fièvre
