tier	score	coverage	max_sub	en	fr_phrase	en_ipa
A	0.983	0.86	0.0	meantime	minent √Ęme	miňźnta…™m
A	0.983	0.86	0.0	retailer	rient ail√©	…Ļiňźte…™l…ź
A	0.974	0.86	0.0	mentally	m√®nent lis	m…õnt…ôli
A	0.973	0.88	0.1	destroyed	dissent rhodes	d…™st…Ļ…Ē…™d
A	0.973	0.88	0.1	forestry	forcent ri	f…í…Ļ…™st…Ļi
A	0.973	0.89	0.12	predecessor	prient cess√©	p…Ļiňźd…™s…õs…ź
A	0.97	0.88	0.12	freestyle	frisent al	f…Ļiňźsta…™l
A	0.97	0.88	0.06	masterpiece	massent pisse	m…Ďňźst…ôpiňźs
A	0.969	0.86	0.1	designer	dis ann√©e	d…™za…™n…ź
A	0.969	0.86	0.1	fountain	fanent in	fa änt…™n
A	0.966	0.86	0.06	fantasy	fanent ci	f…Ďňźnt…ôsi
A	0.966	0.86	0.12	greatly	cr√©ent lis	…°…Ļe…™tli
A	0.966	0.86	0.12	miniature	m√®nent chez	m…™n…™t É…ź
A	0.966	0.86	0.12	myself	mas elfes	ma…™s…õlf
A	0.966	0.88	0.12	newsletter	nous laiteux	njuňźzl…õt…ź
A	0.966	0.86	0.12	protein	pr√™t in	p…Ļ…ô ätiňźn
A	0.966	0.86	0.12	recipes	raies pise	…Ļ…õs…™piňźz
A	0.966	0.86	0.06	reservoir	raies vois	…Ļ…õz…ôvw…Ďňź
A	0.966	0.86	0.12	tourism	tords homme	t…Ēňź…Ļ…™z…ôm
A	0.965	0.88	0.1	literally	lient relie	l…™t…ô…Ļ…ôli
A	0.963	0.88	0.12	parental	prennent elle	p…ô…Ļ…õnt…ôl
A	0.963	0.88	0.12	pentagon	peinent gaine	p…õnt…ô…°…ôn
A	0.963	0.88	0.12	territory	terrait ri	t…õ…Ļ…™t…ô…Ļi
A	0.962	0.89	0.12	exhibited	exhibent aide	…õ…°z…™b…™t…™d
A	0.962	0.86	0.12	rescued	raies coude	…Ļ…õskjuňźd
A	0.96	0.88	0.1	destroys	dissent rose	d…™st…Ļ…Ē…™z
A	0.96	0.89	0.12	mainstream	mines trime	me…™nst…Ļiňźm
A	0.96	0.88	0.1	matrix	met rixe	me…™t…Ļ…™ks
A	0.96	0.86	0.1	prisoner	pris n√©	p…Ļ…™z…ôn…ź
A	0.96	0.89	0.24	registry	raids stries	…Ļ…õd í…™st…Ļi
A	0.96	0.89	0.24	residency	raies don ci	…Ļ…õz…™d…ônsi
A	0.958	0.88	0.12	describe	dis crabe	d…™sk…Ļa…™b
A	0.958	0.88	0.12	livestock	laves toc	la…™vst…ík
A	0.958	0.88	0.12	ministry	mines tri	m…™n…™st…Ļi
A	0.958	0.88	0.12	volatile	volet al	v…íl…źta…™l
A	0.957	0.86	0.12	custody	cassent dit	k Ćst…ôdi
A	0.957	0.86	0.12	feasible	fies belle	fiňźz…ôb…ôl
A	0.957	0.86	0.12	predator	pr√™t tes	p…Ļ…õd…ôt…ź
A	0.955	0.88	0.12	greatest	cr√©ent est	…°…Ļe…™t…ôst
A	0.954	0.89	0.24	basketball	masquent bol	b…Ďňźsk…™tb…Ēňźl
A	0.954	0.86	0.1	portrayed	pot raid	p…Ēňźt…Ļe…™d
A	0.954	1.0	0.36	transcript	train script	t…Ļ√¶nsk…Ļ…™pt
A	0.953	0.86	0.15	sweetheart	suit h√Ęte	swiňźth…Ďňźt
A	0.952	0.86	0.12	despite	dis p√Ęte	d…™spa…™t
A	0.952	0.86	0.12	disguise	dis gaz	d…™s…°a…™z
A	0.952	0.86	0.12	dislike	dis lac	d…™sla…™k
A	0.952	0.86	0.12	latest	laid est	le…™t…ôst
A	0.952	0.86	0.12	minister	mines tes	m…™n…™st…ź
A	0.952	0.86	0.12	phrases	frais aise	f…Ļe…™z…™z
A	0.952	0.86	0.12	portrait	pot rite	p…Ēňźt…Ļe…™t
A	0.952	0.86	0.12	precise	pris as	p…Ļ…™sa…™s
A	0.952	0.86	0.12	retired	rient a√®de	…Ļ…™ta…™…ôd
A	0.952	0.86	0.12	sustain	cessent haine	s…ôste…™n
A	0.951	0.88	0.12	produced	pr√™t oust	p…Ļ…ôdjuňźst
A	0.951	0.88	0.15	remotely	remet lis	…Ļ…™m…ô ätli
A	0.951	0.91	0.3	respectively	respectes lis	…Ļ…™sp…õkt…™vli
A	0.95	1.0	0.3	capture	campent chez	k√¶pt É…ź
A	0.95	0.88	0.12	censorship	saines chipe	s…õns…ô É…™p
A	0.95	1.0	0.3	context	khan texte	k…ínt…õkst
A	0.95	1.0	0.3	country	khan tri	k Ćnt…Ļi
A	0.95	0.88	0.12	trademark	trait mac	t…Ļe…™dm…Ďňźk
A	0.949	0.86	0.12	benefit	ben faites	b…õn…™f…™t
A	0.949	0.86	0.12	council	cannes elle	ka äns…ôl
A	0.949	0.86	0.12	counsel	cannes elle	ka äns…ôl
A	0.949	0.86	0.12	founded	fanent aide	fa änd…™d
A	0.949	0.86	0.12	founders	fanent aise	fa änd…ôz
A	0.949	0.86	0.12	frozen	frais haine	f…Ļ…ô äz…ôn
A	0.949	1.0	0.36	gently	jet lis	d í…õntli
A	0.949	0.86	0.12	himself	aimes elfes	h…™ms…õlf
A	0.949	0.86	0.24	kindly	cannes lis	ka…™ndli
A	0.949	0.86	0.24	moisture	bossent chez	m…Ē…™st É…ź
A	0.949	0.86	0.24	mostly	massent lis	m…ô ästli
A	0.949	0.86	0.12	patron	peut reine	pe…™t…Ļ…ôn
A	0.949	0.86	0.12	petition	paient cha√ģne	p…ôt…™ É…ôn
A	0.949	0.86	0.12	position	paix cha√ģne	p…ôz…™ É…ôn
A	0.949	0.86	0.12	prizes	bras aise	p…Ļa…™z…™z
A	0.949	0.86	0.24	rainfall	rhin folle	…Ļe…™nf…Ēňźl
A	0.949	0.86	0.24	righteous	rat chasse	…Ļa…™t É…ôs
A	0.949	0.86	0.12	suicide	saouls a√®de	suňź…™sa…™d
A	0.949	0.86	0.12	superstar	soupes ta	suňźp…ôst…Ďňź
A	0.949	0.86	0.12	tasted	tissent aide	te…™st…™d
A	0.949	1.0	0.36	texture	taxent chez	t…õkst É…ź
A	0.949	0.86	0.24	trinity	train tee	t…Ļ…™n…™ti
A	0.948	0.88	0.24	correctly	croquent lis	k…ô…Ļ…õktli
A	0.948	0.88	0.12	desperate	d√®s porte	d…õsp…ô…Ļ…ôt
A	0.948	0.88	0.24	dominion	demain in	d…ôm…™ni…ôn
A	0.948	0.88	0.12	monetary	menait ri	m Ćn…™t…ô…Ļi
A	0.948	0.88	0.12	sensible	saines belle	s…õns…ôb…ôl
A	0.947	0.89	0.24	ceremonies	sermon aise	s…õ…Ļ…™m…ôn…™z
A	0.947	0.89	0.24	previously	priv√©es lis	p…Ļiňźv…™…ôsli
A	0.947	0.89	0.12	promoted	promet aide	p…Ļ…ôm…ô ät…™d
A	0.947	0.86	0.12	reduced	rient oust	…Ļ…™djuňźst
A	0.947	0.89	0.24	terrorism	terreurs homme	t…õ…Ļ…ô…Ļ…™z…ôm
A	0.947	0.89	0.24	testimony	cessent mener	t…õst…™m…ôni
A	0.947	1.0	0.36	textbooks	taxent box	t…õkstb äks
A	0.947	0.86	0.12	twisted	tissent aide	tw…™st…™d
A	0.946	0.9	0.3	collectively	collectes lis	k…ôl…õkt…™vli
A	0.946	0.86	0.1	notebook	nouent book	n…ô ätb äk
A	0.945	0.86	0.12	capsule	caps houle	k√¶psjuňźl
A	0.945	0.86	0.12	costume	cassent hume	k…ístjuňźm
A	0.945	0.88	0.12	disgrace	dis gr√®ce	d…™s…°…Ļe…™s
A	0.945	0.88	0.12	displays	dis plaise	d…™sple…™z
A	0.945	0.86	0.24	neutral	nouent r√īle	njuňźt…Ļ…ôl
A	0.944	0.89	0.15	approaches	appr√™t chaise	…źp…Ļ…ô ät É…™z
A	0.944	0.89	0.15	controller	cognent relais	k…ônt…Ļ…ô äl…ź
A	0.943	0.86	0.12	closely	clous lis	kl…ô äsli
A	0.943	0.86	0.12	coaches	coud chaise	k…ô ät É…™z
A	0.943	1.0	0.36	commentary	commun tri	k…ím…ônt…Ļi
A	0.943	0.88	0.12	created	cr√©ait aide	k…Ļiňźe…™t…™d
A	0.943	0.88	0.12	creators	cr√©ait aise	k…Ļiňźe…™t…ôz
A	0.943	0.88	0.12	designers	dis √Ęnesse	d…™za…™n…ôz
A	0.943	0.88	0.12	discipline	dis pleine	d…™s…™pl…™n
A	0.943	0.86	0.12	leadership	lient chipe	liňźd…ô É…™p
A	0.943	0.86	0.12	lesbian	les bine	l…õsbi…ôn
A	0.943	0.86	0.12	patrol	peut roule	p…źt…Ļ…ô äl
A	0.943	0.86	0.12	portable	pot belle	p…Ēňźt…ôb…ôl
A	0.943	0.86	0.12	posters	poussent aise	p…ô äst…ôz
A	0.943	1.0	0.36	presenter	prison tes	p…Ļ…™z…õnt…ź
A	0.943	0.88	0.12	processor	pr√®s essaie	p…Ļ…ô äs…õs…ź
A	0.943	0.88	0.12	prostate	pros t√™te	p…Ļ…íste…™t
A	0.943	0.88	0.12	realities	rallient hisse	…Ļ…™√¶l…™tiz
A	0.943	1.0	0.36	textbook	taxent book	t…õkstb äk
A	0.943	0.86	0.18	township	tan chipe	ta än É…™p
A	0.941	0.88	0.25	testify	test hais	t…õst…™fa…™
A	0.94	1.0	0.3	autonomy	otan omis	…Ēňźt…ín…ômi
A	0.94	0.88	0.12	bracelet	pr√©s let	b…Ļe…™sl…ôt
A	0.94	1.0	0.3	cancer	khan ses	k√¶ns…ź
A	0.94	1.0	0.3	candy	khan dit	k√¶ndi
A	0.94	1.0	0.3	completely	con plient lis	k…ômpliňźtli
A	0.94	0.88	0.24	control	con troll	k…ônt…Ļ…ô äl
A	0.94	0.86	0.18	counties	khan th√®se	ka änt…™z
A	0.94	1.0	0.3	countries	khan treize	k Ćnt…Ļ…™z
A	0.94	0.88	0.12	essentially	sain joli	…™s…õn É…ôli
A	0.94	0.88	0.12	excited	exact aide	…õksa…™t…™d
A	0.94	0.88	0.12	exercise	exc√®s as	…õks…ôsa…™z
A	0.94	0.86	0.12	factory	vaquent ri	f√¶kt…ô…Ļi
A	0.94	1.0	0.3	fancy	faon ci	f√¶nsi
A	0.94	0.88	0.12	fertility	fait lady	f…úňźt…™l…™ti
A	0.94	0.86	0.18	finest	faon est	fa…™n…ôst
A	0.94	1.0	0.3	investor	haines ester	…™nv…õst…ź
A	0.94	0.88	0.24	kindness	cannes noces	ka…™ndn…ôs
A	0.94	0.88	0.12	maximum	macs m√™me	m√¶ks…™m…ôm
A	0.94	0.86	0.12	mystery	mais tri	m…™st…ô…Ļi
A	0.94	0.88	0.24	paranoid	parrain ode	p√¶…Ļ…ôn…Ē…™d
A	0.94	0.86	0.12	particle	bat quel	p…Ďňźt…™k…ôl
A	0.94	0.86	0.12	partisan	bat sc√®ne	p…Ďňźt…™s…ôn
A	0.94	0.86	0.12	partition	bat cha√ģne	p…Ďňźt…™ É…ôn
A	0.94	0.88	0.12	premises	br√®mes aise	p…Ļ…õm…™s…™z
A	0.94	0.86	0.18	proudly	prend lis	p…Ļa ädli
A	0.94	0.88	0.24	quantity	quad tee	kw…ínt…™ti
A	0.94	0.88	0.24	retailers	rient h√©las	…Ļiňźte…™l…ôz
A	0.94	1.0	0.36	secretly	secret lis	siňźk…Ļ…ôtli
A	0.94	0.86	0.12	senators	sain th√®se	s…õn…ôt…ôz
A	0.94	0.86	0.18	sidewalk	cent wok	sa…™dw…Ēňźk
A	0.94	0.86	0.12	suitable	suent belle	suňźt…ôb…ôl
A	0.94	1.0	0.3	temperature	tain pr√™t chez	t…õmp…Ļ…™t É…ź
A	0.94	0.88	0.36	textile	taxent al	t…õksta…™l
A	0.94	0.86	0.24	treasury	trais ri	t…Ļ…õ í…ô…Ļi
A	0.94	0.88	0.12	validity	valet tee	v√¶l…™d…™ti
A	0.94	1.0	0.36	vengeance	vin jeans	v…õnd í…ôns
A	0.94	0.86	0.12	veteran	fait reine	v…õt…ô…Ļ…ôn
A	0.939	0.88	0.25	festival	cessent vol	f…õst…™v…ôl
A	0.939	0.88	0.12	muscular	mes couler	m Ćskj äl…ź
A	0.939	0.88	0.12	qualities	collet hisse	kw…íl…™tiz
A	0.939	0.88	0.25	terrified	terrent a√®de	t…õ…Ļ…™fa…™d
A	0.937	0.9	0.36	frequently	fricotent lis	f…Ļiňźkw…ôntli
A	0.936	0.88	0.15	devoted	devait aide	d…™v…ô ät…™d
A	0.936	0.89	0.24	disposal	dispos elle	d…™sp…ô äz…ôl
A	0.936	0.92	0.35	experimental	exterminent elle	…õksp…õ…Ļ…™m…õnt…ôl
A	0.936	1.0	0.36	extensive	axent haines ive	…õkst…õns…™v
A	0.936	0.89	0.24	majority	modes orties	m…ôd í…í…Ļ…™ti
A	0.936	1.0	0.36	protective	pr√™t active	p…Ļ…ôt…õkt…™v
A	0.936	0.86	0.15	reasoning	ries naine	…Ļiňźz…ôn…™Ňč
A	0.935	0.88	0.12	abilities	√©pilent hisse	…źb…™l…ôtiz
A	0.935	0.88	0.12	closest	clous est	kl…ô äs…ôst
A	0.935	1.0	0.36	commonly	commun lis	k…ím…ônli
A	0.935	0.91	0.36	destination	destin √©chine	d…õst…™ne…™ É…ôn
A	0.935	0.88	0.24	entertain	aident th√©ine	…õnt…ôte…™n
A	0.935	0.88	0.12	necessary	n√©s serez	n…õs…ôs…ô…Ļi
A	0.935	0.86	0.12	places	plaies aise	ple…™s…™z
A	0.935	0.88	0.24	rendering	reines ring	…Ļ…õnd…ô…Ļ…™Ňč
A	0.935	0.88	0.12	society	ces ha√Įti	s…ôsa…™…ôti
A	0.935	1.0	0.3	temperatures	tain pr√™t chaise	t…õmp…Ļ…™t É…ôz
A	0.935	0.86	0.12	traded	trait aide	t…Ļe…™d…™d
A	0.935	0.86	0.12	traders	trait aise	t…Ļe…™d…ôz
A	0.934	1.0	0.3	chronic	cran hic	k…Ļ…ín…™k
A	0.934	0.89	0.24	dimension	demain cha√ģne	da…™m…õn É…ôn
A	0.934	0.89	0.24	flexible	flics belle	fl…õks…™b…ôl
A	0.934	1.0	0.36	laboratory	lib√©rait ri	l…źb…í…Ļ…ôt…Ļi
A	0.934	0.89	0.24	proposal	propos elle	p…Ļ…ôp…ô äz…ôl
A	0.934	0.89	0.24	proposes	propos aise	p…Ļ…ôp…ô äz…™z
A	0.934	0.89	0.24	quantities	quad dix	kw…ínt…™tiz
A	0.934	0.89	0.24	registered	raids stade	…Ļ…õd í…™st…ôd
A	0.934	0.89	0.36	sensation	saines √©chine	s…õnse…™ É…ôn
A	0.933	0.88	0.18	boundary	ban dor√©	ba änd…ô…Ļi
A	0.933	0.88	0.24	cemetery	sommet ri	s…õm…™t…ô…Ļi
A	0.933	0.88	0.24	collected	cliquent aide	k…ôl…õkt…™d
A	0.933	0.88	0.24	collectors	cliquent aise	k…ôl…õkt…ôz
A	0.933	0.88	0.24	corrected	croquent aide	k…ô…Ļ…õkt…™d
A	0.933	0.93	0.36	representation	repris aident √©chine	…Ļ…õp…Ļ…™z…õnte…™ É…ôn
A	0.933	0.88	0.24	southwest	cent ouest	sa äőłw…õst
A	0.932	0.86	0.24	consider	cannes des	k…ôns…™d…ź
A	0.932	0.86	0.12	danger	d√ģnent chez	de…™nd í…ź
A	0.932	0.86	0.24	detailed	dit halte	diňźte…™ld
A	0.932	1.0	0.36	electronic	√©lectron hic	…õl…™kt…Ļ…ín…™k
A	0.932	0.86	0.24	entities	aident dix	…õnt…™tiz
A	0.932	0.86	0.12	essential	sain gel	…™s…õn É…ôl
A	0.932	1.0	0.36	gentle	jet elle	d í…õnt…ôl
A	0.932	0.86	0.24	minded	man aide	ma…™nd…™d
A	0.932	0.86	0.12	mistake	mais tic	m…™ste…™k
A	0.932	0.86	0.24	painful	pain folle	pe…™nf…ôl
A	0.932	0.86	0.24	patriot	peut rot	p√¶t…Ļ…™…ôt
A	0.932	0.86	0.24	permitted	p√Ęment aide	p…ôm…™t…™d
A	0.932	0.86	0.24	pointed	peinent aide	p…Ē…™nt…™d
A	0.932	0.89	0.15	promoting	promet in	p…Ļ…ôm…ô ät…™Ňč
A	0.932	1.0	0.36	protect	pr√™t acte	p…Ļ…ôt…õkt
A	0.932	0.86	0.36	sunrise	son rase	s Ćn…Ļa…™z
A	0.932	0.86	0.24	trainers	train aise	t…Ļe…™n…ôz
A	0.932	1.0	0.36	transit	train cette	t…Ļ√¶ns…™t
A	0.932	0.86	0.12	trousers	draps aise	t…Ļa äs…ôz
A	0.931	0.89	0.2	accessories	exc√®s ruse	…źks…õs…ô…Ļiz
A	0.931	1.0	0.3	invest	haines est	…™nv…õst
A	0.931	1.0	0.3	planet	plan √™tes	pl√¶n…™t
A	0.93	1.0	0.36	detective	dit active	d…™t…õkt…™v
A	0.93	0.92	0.36	examination	examen √©chine	…õ…°z√¶m…™ne…™ É…ôn
A	0.93	0.86	0.15	finding	fanent in	fa…™nd…™Ňč
A	0.93	0.86	0.15	founding	fanent in	fa änd…™Ňč
A	0.93	0.86	0.15	marketing	manquent in	m…Ďňźk…™t…™Ňč
A	0.93	0.89	0.24	northwestern	notais tonnes	n…Ēňźőłw…õst…ôn
A	0.93	0.88	0.12	vicinity	vis hindi	v…™s…™n…™ti
A	0.929	1.0	0.36	manly	main lis	m√¶nli
A	0.929	1.0	0.36	monkey	mon qui	m Ćnki
A	0.929	0.88	0.24	nonetheless	naines laisse	n Ćn√į…ôl…õs
A	0.929	1.0	0.36	randy	rhin dit	…Ļ√¶ndi
A	0.929	1.0	0.36	sandy	sain dit	s√¶ndi
A	0.928	0.88	0.12	basically	pays cl√©	be…™s…™kli
A	0.928	0.88	0.24	disclose	dis clause	d…™skl…ô äz
A	0.928	0.88	0.24	ethnicity	ethnies tee	…õőłn…™s…™ti
A	0.928	0.88	0.24	genesis	djinns hisse	d í…õn…™s…™s
A	0.928	1.0	0.36	literary	lient errera	l…™t…ô…Ļ…ô…Ļi
A	0.928	0.92	0.36	transportation	tra√ģnes pot √©chine	t…Ļ√¶nsp…Ēňźte…™ É…ôn
A	0.928	0.9	0.36	veterinary	fait ornera	v…õt…ô…Ļ…™n…ô…Ļi
A	0.927	0.89	0.36	boundaries	ban cerise	ba änd…ô…Ļiz
A	0.927	1.0	0.3	completed	con plient aide	k…ômpliňźt…™d
A	0.927	0.86	0.15	counted	gagnent aide	ka änt…™d
A	0.927	0.89	0.42	franchise	freinent chasse	f…Ļ…Ďňźnt Éa…™z
A	0.927	0.89	0.24	parameters	primait aise	p…ô…Ļ√¶m…™t…ôz
A	0.927	0.89	0.24	parenting	perron teigne	pe…ô…Ļ…ônt…™Ňč
A	0.927	0.9	0.36	sandwiches	sain dit chaise	s√¶ndw…™t É…™z
A	0.927	0.89	0.24	strategy	strates chie	st…Ļ√¶t…ôd íi
A	0.926	1.0	0.36	architect	acquit acte	…Ďňźk…™t…õkt
A	0.926	0.88	0.25	authorities	effort hisse	…źőł…í…Ļ…™tiz
A	0.926	0.86	0.18	binding	ban digne	ba…™nd…™Ňč
A	0.926	1.0	0.36	consumers	con soumise	k…ônsuňźm…ôz
A	0.926	0.86	0.12	software	savent ouais	s…íftwe…ô
A	0.925	0.88	0.24	crossover	crocs avez	k…Ļ…ís…ô äv…ź
A	0.925	0.88	0.24	electron	liguent rh√īne	…™l…õkt…Ļ…ín
A	0.925	0.88	0.24	fragile	frit ch√Ęle	f…Ļ√¶d ía…™l
A	0.925	0.88	0.24	grounded	cr√Ęnes aide	…°…Ļa änd…™d
A	0.925	0.88	0.24	maternity	matin tee	m…ôt…úňźn…™ti
A	0.925	0.88	0.24	messages	messes chaise	m…õs…™d í…™z
A	0.925	0.88	0.12	mortgages	moquent chaise	m…Ēňź…°…™d í…™z
A	0.925	0.88	0.24	velocity	v√©los tee	v…ôl…ís…™ti
A	0.924	0.88	0.25	butterfly	battait la	b Ćt…ôfla…™
A	0.924	0.86	0.15	closing	clous in	kl…ô äz…™Ňč
A	0.924	0.86	0.15	coaching	coud chine	k…ô ät É…™Ňč
A	0.924	1.0	0.36	detect	dit acte	d…™t…õkt
A	0.924	1.0	0.36	fortune	faut chine	f…Ēňźt Éuňźn
A	0.924	0.88	0.25	lifetime	light √Ęme	la…™fta…™m
A	0.923	0.86	0.3	boulevard	boules andes	buňźl…™v…Ďňźd
A	0.923	0.86	0.18	counting	khan teigne	ka änt…™Ňč
A	0.923	0.86	0.18	downward	tan oued	da änw…ôd
A	0.923	0.86	0.3	drivers	draps aise	d…Ļa…™v…ôz
A	0.923	0.86	0.3	economy	khan omis	…™k…ín…ômi
A	0.923	0.89	0.24	facilities	fais litige	f…ôs…™l…™tiz
A	0.923	0.86	0.36	frontier	frein tee	f…Ļ Ćnti…ô
A	0.923	0.86	0.12	possibly	pas bl√©	p…ís…ôbli
A	0.923	0.86	0.3	previous	pris os	p…Ļiňźv…™…ôs
A	0.923	0.86	0.12	purposes	popes aise	p…úňźp…ôs…™z
A	0.923	1.0	0.3	seventy	saison tee	s…õv…ônti
A	0.923	0.86	0.3	survivor	ces avez	s…ôva…™v…ź
A	0.922	0.91	0.3	corresponding	corps pan digne	k…í…Ļ…™sp…índ…™Ňč
A	0.922	0.88	0.12	producer	pr√™t user	p…Ļ…ôdjuňźs…ź
A	0.922	0.88	0.36	songwriter	son rat√©	s…íŇč…Ļa…™t…ź
A	0.922	0.88	0.24	teenager	d√ģners je	tiňźne…™d í…ź
A	0.921	1.0	0.36	extended	axent haines aide	…õkst…õnd…™d
A	0.921	0.89	0.24	groceries	gr√®s h√©risse	…°…Ļ…ô äs…ô…Ļiz
A	0.921	1.0	0.36	laundry	donnent ri	l…Ēňźnd…Ļi
A	0.921	1.0	0.36	melted	m√®nent aide	m…õlt…™d
A	0.92	0.88	0.42	dictator	piquent √©t√©	d…™kte…™t…ź
A	0.92	0.88	0.18	grinding	cran digne	…°…Ļa…™nd…™Ňč
A	0.92	0.88	0.3	revival	rivas elle	…Ļ…™va…™v…ôl
A	0.92	0.88	0.24	singular	sain goul√©e	s…™Ňč…°j äl…ź
A	0.92	0.86	0.2	website	limbes h√Ęte	w…õbsa…™t
A	0.919	0.9	0.3	controllers	cognent rel√®ve	k…ônt…Ļ…ô äl…ôz
A	0.919	0.89	0.25	festivals	cessent valse	f…õst…™v…ôlz
A	0.919	0.86	0.15	gasoline	gars ligne	…°√¶s…ôliňźn
A	0.919	0.86	0.18	lightning	lent naine	la…™tn…™Ňč
A	0.919	1.0	0.42	researcher	ressent chez	…Ļ…™s…úňźt É…ź
A	0.918	0.88	0.3	activist	actes est	√¶kt…™v…™st
A	0.918	0.88	0.12	atmosphere	admets fi	√¶tm…ôsfi…ô
A	0.918	1.0	0.36	branding	brin digne	b…Ļ√¶nd…™Ňč
A	0.918	0.88	0.3	composer	con peser	k…ômp…ô äz…ź
A	0.918	0.86	0.24	enjoyed	haines chaude	…õnd í…Ē…™d
A	0.918	0.86	0.24	enjoys	haines chose	…õnd í…Ē…™z
A	0.918	0.86	0.24	imagery	mythes ri	…™m…™d í…Ļi
A	0.918	1.0	0.3	invested	haines esth√®te	…™nv…õst…™d
A	0.918	0.88	0.2	investors	nou√©es th√®se	…™nv…õst…ôz
A	0.918	0.88	0.12	majesty	matchs tee	m√¶d í…ôsti
A	0.918	0.86	0.36	mountain	mat in	ma änt…™n
A	0.918	1.0	0.36	possession	paix √©chine	p…ôz…õ É…ôn
A	0.918	0.86	0.24	ranger	reines chez	…Ļe…™nd í…ź
A	0.918	0.88	0.36	reminder	roman des	…Ļ…™ma…™nd…ź
A	0.918	1.0	0.3	temporary	tain prairies	t…õmp…Ļ…ô…Ļi
A	0.917	0.9	0.42	acceptable	exc√®dent belle	…źks…õpt…ôb…ôl
A	0.917	1.0	0.3	devil	d√®s elle	d…õv…ôl
A	0.917	0.91	0.36	extensively	axent haines flux	…õkst…õns…™vli
A	0.917	0.86	0.3	feminine	fen in	f…õm…ôn…™n
A	0.917	1.0	0.3	level	laids elle	l…õv…ôl
A	0.917	1.0	0.3	lovely	les lis	l Ćvli
A	0.917	1.0	0.3	member	main b√©e	m…õmb…ź
A	0.917	0.9	0.36	minorities	minaret hisse	ma…™n…í…Ļ…™tiz
A	0.917	1.0	0.3	movies	mous aise	muňźv…™z
A	0.917	1.0	0.3	nasty	nos tee	n…Ďňźsti
A	0.917	0.86	0.3	privacy	pris ci	p…Ļ…™v…ôsi
A	0.917	1.0	0.3	seven	ces haine	s…õv…ôn
A	0.916	1.0	0.35	baptist	battent est	b√¶pt…™st
A	0.916	0.89	0.24	discovery	dis cabri	d…™sk Ćv…ô…Ļi
A	0.916	0.86	0.15	placing	plaies in	ple…™s…™Ňč
A	0.916	0.88	0.35	portraits	pot reps	p…Ēňźt…Ļe…™ts
A	0.916	0.92	0.35	supernatural	soutenait charles	suňźp…ôn√¶t É…ô…Ļ…ôl
A	0.916	0.86	0.25	terrific	tord hic	t…ô…Ļ…™f…™k
A	0.916	0.86	0.15	trading	trait in	t…Ļe…™d…™Ňč
A	0.915	0.88	0.3	automatic	hautement hic	…Ēňźt…ôm√¶t…™k
A	0.915	1.0	0.36	consent	con celtes	k…ôns…õnt
A	0.915	0.86	0.24	deadline	d√®s lad	d…õdla…™n
A	0.915	0.86	0.24	elected	liguent aide	…™l…õkt…™d
A	0.915	0.86	0.36	mounted	mat aide	ma änt…™d
A	0.915	0.86	0.24	oldest	elles est	…ô äld…ôst
A	0.915	0.86	0.12	shoulders	g√®lent aise	 É…ô äld…ôz
A	0.914	1.0	0.3	bonding	ban digne	b…índ…™Ňč
A	0.914	0.89	0.3	commodities	comment dix	k…ôm…íd…™tiz
A	0.914	0.88	0.3	conquest	khan kyste	k…ínkw…õst
A	0.914	0.88	0.15	debating	tibet in	d…™be…™t…™Ňč
A	0.914	0.89	0.36	engineered	haines jeun ides	…õnd í…™ni…ôd
A	0.914	0.89	0.24	stranger	strings je	st…Ļe…™nd í…ź
A	0.914	0.89	0.3	supervisor	soupers assez	suňźp…ôva…™z…ź
A	0.913	0.88	0.24	baseline	pays lad	be…™sla…™n
A	0.913	0.88	0.12	deciding	dis atteignent	d…™sa…™d…™Ňč
A	0.913	0.88	0.24	decisive	dis ach√®ve	d…™sa…™s…™v
A	0.913	0.86	0.24	floating	flot in	fl…ô ät…™Ňč
A	0.913	0.91	0.36	frustration	pressent r√©sonne	f…Ļ Ćst…Ļe…™ É…ôn
A	0.913	0.86	0.15	pricing	bras in	p…Ļa…™s…™Ňč
A	0.913	0.91	0.36	restoration	rincent origine	…Ļ…õst…ô…Ļe…™ É…ôn
A	0.913	1.0	0.36	secondly	d√©connent lis	s…õk…ôndli
A	0.913	0.86	0.25	sounded	fanent aide	sa änd…™d
A	0.913	0.91	0.35	spectacular	stockent √©coul√©	sp…õkt√¶kj äl…ź
A	0.913	0.86	0.24	training	train in	t…Ļe…™n…™Ňč
A	0.912	1.0	0.36	entrepreneur	hot reprenait	…ínt…Ļ…™p…Ļ…™n…úňź
A	0.912	0.92	0.36	exchanges	axent cha√ģnes chaise	…õkst Ée…™nd í…™z
A	0.912	1.0	0.36	scripture	scrutent chez	sk…Ļ…™pt É…ź
A	0.912	0.86	0.24	wheelchair	veulent chez	wiňźlt Ée…ô
A	0.911	0.92	0.3	contemporary	con tain prairies	k…ônt…õmp…ô…Ļ…ô…Ļi
A	0.911	1.0	0.3	gravel	gras elle	…°…Ļ√¶v…ôl
A	0.911	0.88	0.24	insanity	haines hindi	…™ns√¶n…™ti
A	0.911	1.0	0.3	members	main baise	m…õmb…ôz
A	0.911	0.9	0.3	provisional	pr√®s chenal	p…Ļ…ôv…™ í…ôn…ôl
A	0.911	0.88	0.36	remainder	romain des	…Ļ…™me…™nd…ź
A	0.911	1.0	0.3	several	ces r√īle	s…õv…Ļ…ôl
A	0.911	1.0	0.3	simply	sain plie	s…™mpli
A	0.911	1.0	0.3	temple	tain paul	t…õmp…ôl
A	0.909	1.0	0.36	breakfast	braquent est	b…Ļ…õkf…ôst
A	0.909	1.0	0.3	tempted	tain petite	t…õmpt…™d
A	0.908	1.0	0.42	congressional	con greffon elle	k…ôn…°…Ļ…õ É…ôn…ôl
A	0.907	0.88	0.36	meaningful	man folle	miňźn…™Ňčf…ôl
A	0.907	0.89	0.36	provided	brevet aide	p…Ļ…ôva…™d…™d
A	0.907	0.89	0.36	reminded	romanes aide	…Ļ…™ma…™nd…™d
A	0.907	1.0	0.36	treatments	trient bintje	t…Ļiňźtm…ônts
A	0.906	0.86	0.3	believers	bl√©s aise	b…™liňźv…ôz
A	0.906	1.0	0.36	extending	axent haines in	…õkst…õnd…™Ňč
A	0.906	0.86	0.24	titled	tant halte	ta…™t…ôld
A	0.906	0.92	0.36	unacceptable	iniques aiment belle	 Ćn…źks…õpt…ôb…ôl
A	0.905	1.0	0.36	laboratories	lib√©rait reims	l…źb…í…Ļ…ôt…Ļ…™z
A	0.905	1.0	0.36	monarch	mon oc	m…ín…ôk
A	0.904	0.88	0.18	defining	divan in	d…™fa…™n…™Ňč
A	0.904	1.0	0.35	digits	dit gypse	d…™d í…™ts
A	0.904	1.0	0.36	landed	lin dites	l√¶nd…™d
A	0.904	1.0	0.36	landing	lin digne	l√¶nd…™Ňč
A	0.904	1.0	0.36	monkeys	mon guise	m Ćnk…™z
A	0.904	1.0	0.36	victim	piquent aime	v…™kt…™m
A	0.903	0.88	0.2	investing	nou√©es teigne	…™nv…õst…™Ňč
A	0.903	1.0	0.36	prevention	prison cha√ģne	p…Ļ…™v…õn É…ôn
A	0.903	0.89	0.36	secondary	d√©connent ri	s…õk…ônd…ô…Ļi
A	0.903	0.88	0.3	survival	ces aval	s…ôva…™v…ôl
A	0.903	0.88	0.3	template	tain plainte	t…õmple…™t
A	0.903	0.86	0.2	wardrobe	vont robe	w…Ēňźd…Ļ…ô äb
A	0.902	1.0	0.3	concrete	khan cr√™te	k…íŇčk…Ļiňźt
A	0.902	1.0	0.36	gentlemen	jet allemagne	d í…õnt…ôlm…ôn
A	0.902	0.86	0.2	sliding	soient in	sla…™d…™Ňč
A	0.901	1.0	0.3	alumni	√©lan ni	…źl Ćmni
A	0.901	1.0	0.3	compression	con prochaine	k…ômp…Ļ…õ É…ôn
A	0.901	1.0	0.36	sponsored	spots aide	sp…íns…ôd
A	0.9	1.0	0.3	wander	van des	w…índ…ź
A	0.9	1.0	0.3	wonder	van des	w Ćnd…ź
S	1.0	1.0	0.0	creature	crient chez	k…Ļiňźt É…ź
S	1.0	1.0	0.0	feature	fient chez	fiňźt É…ź
S	1.0	1.0	0.0	preacher	prient chez	p…Ļiňźt É…ź
S	0.983	1.0	0.12	creatures	crient chaise	k…Ļiňźt É…ôz
S	0.983	1.0	0.12	friendly	freinent lis	f…Ļ…õndli
S	0.983	1.0	0.1	picture	piquent chez	p…™kt É…ź
S	0.983	1.0	0.1	retrieve	rient rive	…Ļ…™t…Ļiňźv
S	0.983	1.0	0.12	surrender	serein des	s…ô…Ļ…õnd…ź
S	0.98	1.0	0.1	butcher	bout chez	b ät É…ź
S	0.98	1.0	0.12	costly	cassent lis	k…ístli
S	0.98	1.0	0.12	culture	calent chez	k Ćlt É…ź
S	0.98	1.0	0.1	fourteen	faut in	f…Ēňźtiňźn
S	0.98	1.0	0.12	lastly	lancent lis	l…Ďňźstli
S	0.98	1.0	0.12	lenses	laines aise	l…õnz…™z
S	0.98	1.0	0.12	mental	m√®nent elle	m…õnt…ôl
S	0.98	1.0	0.12	plenty	plain tee	pl…õnti
S	0.98	1.0	0.12	possessed	paix est	p…ôz…õst
S	0.98	1.0	0.12	reaches	rient chaise	…Ļiňźt É…™z
S	0.98	1.0	0.1	resource	ries os	…Ļ…™z…Ēňźs
S	0.98	1.0	0.1	richer	rient chez	…Ļ…™t É…ź
S	0.98	1.0	0.12	settlers	sait l√®s	s…õtl…ôz
S	0.98	1.0	0.1	shortly	chaud lis	 É…Ēňźtli
S	0.98	1.0	0.1	torture	t√īt chez	t…Ēňźt É…ź
S	0.98	1.0	0.12	treason	tries haine	t…Ļiňźz…ôn
S	0.98	1.0	0.12	treated	trient aide	t…Ļiňźt…™d
S	0.98	1.0	0.12	treaties	trient aise	t…Ļiňźt…™z
S	0.979	1.0	0.15	footballer	fait bol√©e	f ätb…Ēňźl…ź
S	0.978	1.0	0.12	fortunately	faut chenet lis	f…Ēňźt É…ôn…ôtli
S	0.976	1.0	0.12	butler	bat les	b Ćtl…ź
S	0.976	1.0	0.12	center	sain tes	s…õnt…ź
S	0.976	1.0	0.12	diesel	dis elle	diňźz…ôl
S	0.976	1.0	0.12	eastern	hissent haine	iňźst…ôn
S	0.976	1.0	0.12	friendships	freinent chips	f…Ļ…õnd É…™ps
S	0.976	1.0	0.12	letters	laid aise	l…õt…ôz
S	0.976	1.0	0.12	losers	loues aise	luňźz…ôz
S	0.976	1.0	0.12	loses	loues aise	luňźz…™z
S	0.976	1.0	0.12	metal	met elle	m…õt…ôl
S	0.976	1.0	0.12	pitcher	paient chez	p…™t É…ź
S	0.976	1.0	0.12	possess	paix ace	p…ôz…õs
S	0.976	1.0	0.12	render	rhin des	…Ļ…õnd…ź
S	0.976	1.0	0.12	season	scies haine	siňźz…ôn
S	0.976	1.0	0.12	seated	scient aide	siňźt…™d
S	0.976	1.0	0.12	sensor	sain ses	s…õns…ź
S	0.976	1.0	0.12	settle	sait elle	s…õt…ôl
S	0.976	1.0	0.12	setup	sait happe	s…õt Ćp
S	0.976	1.0	0.12	teacher	dit chez	tiňźt É…ź
S	0.976	1.0	0.12	tender	tain des	t…õnd…ź
S	0.976	1.0	0.12	vendor	vin des	v…õnd…ź
S	0.975	1.0	0.15	football	fait bol	f ätb…Ēňźl
S	0.973	1.0	0.12	friendship	freinent chipe	f…Ļ…õnd É…™p
S	0.97	1.0	0.12	passport	pas pote	p…Ďňźsp…Ēňźt
S	0.97	1.0	0.12	question	coincent cha√ģne	kw…õst É…ôn
S	0.97	1.0	0.12	secretary	secret ri	s…õk…Ļ…ôt…Ļi
S	0.969	1.0	0.12	crystal	crissent elle	k…Ļ…™st…ôl
S	0.969	1.0	0.12	disagree	dis aigri	d…™s…ź…°…Ļiňź
S	0.969	1.0	0.12	distress	dis tresses	d…™st…Ļ…õs
S	0.969	1.0	0.12	dynasty	d√ģners tee	d…™n…źsti
S	0.969	1.0	0.12	exotic	exact hic	…õ…°z…ít…™k
S	0.967	1.0	0.12	fantastic	fanent azt√®ques	f…Ďňźnt√¶st…™k
S	0.966	1.0	0.12	central	sain troll	s…õnt…Ļ…ôl
S	0.966	1.0	0.12	clusters	classent aise	kl Ćst…ôz
S	0.966	1.0	0.12	customer	cassent aim√©	k Ćst…ôm…ź
S	0.966	1.0	0.24	gesture	jet chez	d í…õst É…ź
S	0.966	1.0	0.12	orchestra	hoquets trait	…Ēňźk…õst…Ļ…ź
S	0.966	1.0	0.12	planted	planent aide	pl√¶nt…™d
S	0.966	1.0	0.12	printed	prennent aide	p…Ļ…™nt…™d
S	0.966	1.0	0.12	semester	sommets tes	s…ôm…õst…ź
S	0.966	1.0	0.12	sensory	sain serez	s…õns…ô…Ļi
S	0.966	1.0	0.12	softball	savent bol	s…íftb…Ēňźl
S	0.966	1.0	0.12	suggest	sait geste	s…ôd í…õst
S	0.966	1.0	0.12	trusted	tracent aide	t…Ļ Ćst…™d
S	0.966	1.0	0.12	trustees	tracent hisse	t…Ļ Ćstiňźz
S	0.964	1.0	0.12	desperately	d√®s paierait lis	d…õsp…ô…Ļ…ôtli
S	0.964	1.0	0.12	faster	fats tes	f…Ďňźst…ź
S	0.964	1.0	0.12	master	mas tes	m…Ďňźst…ź
S	0.964	1.0	0.12	partly	bat lis	p…Ďňźtli
S	0.964	1.0	0.12	partner	bat n√©	p…Ďňźtn…ź
S	0.964	1.0	0.12	pasta	pas tes	p…Ďňźst…ź
S	0.964	1.0	0.12	pastor	pas tes	p…Ďňźst…ź
S	0.964	1.0	0.15	preaching	prient chine	p…Ļiňźt É…™Ňč
S	0.964	0.9	0.24	presidency	pr√®s don ci	p…Ļ…õz…™d…ônsi
S	0.963	1.0	0.12	fortress	faut rosse	f…Ēňźt…Ļ…ôs
S	0.963	1.0	0.12	pistol	pissent elle	p…™st…ôl
S	0.963	1.0	0.12	prison	pris haine	p…Ļ…™z…ôn
S	0.963	1.0	0.12	result	ries halte	…Ļ…™z Ćlt
S	0.963	1.0	0.12	senses	sain six	s…õns…™z
S	0.963	1.0	0.12	settling	sait ligne	s…õtl…™Ňč
S	0.962	1.0	0.15	dementia	demain chez	d…™m…õn É…ź
S	0.962	1.0	0.12	prejudice	pr√™t jouent hisse	p…Ļ…õd íuňźd…™s
S	0.96	1.0	0.12	census	sain cesse	s…õns…ôs
S	0.96	1.0	0.12	centers	sain th√®se	s…õnt…ôz
S	0.96	1.0	0.12	cluster	cl√©s tes	kl Ćst…ź
S	0.96	1.0	0.24	confess	con fesses	k…ônf…õs
S	0.96	1.0	0.24	contractor	con tracter	k…ônt…Ļ√¶kt…ź
S	0.96	1.0	0.12	credited	cr√©dit aide	k…Ļ…õd…™t…™d
S	0.96	1.0	0.12	creditors	cr√©dit aise	k…Ļ…õd…™t…ôz
S	0.96	1.0	0.12	custom	cassent homme	k Ćst…ôm
S	0.96	1.0	0.12	decorative	d√©cret ive	d…õk…Ļ…ôt…™v
S	0.96	1.0	0.12	edited	aidait aide	…õd…™t…™d
S	0.96	1.0	0.12	feedback	fient bac	fiňźdb√¶k
S	0.96	1.0	0.24	firstly	foncent lis	f…úňźstli
S	0.96	1.0	0.12	freedom	frit homme	f…Ļiňźd…ôm
S	0.96	1.0	0.12	greeted	crient aide	…°…Ļiňźt…™d
S	0.96	1.0	0.12	instructor	haines tracter	…™nst…Ļ Ćkt…ź
S	0.96	1.0	0.12	itself	√™tes elfes	…™ts…õlf
S	0.96	1.0	0.12	legion	lient g√™ne	liňźd í…ôn
S	0.96	1.0	0.12	listed	laissent aide	l…™st…™d
S	0.96	1.0	0.12	matches	mat chaise	m√¶t É…™z
S	0.96	1.0	0.12	mattress	mat rosse	m√¶t…Ļ…ôs
S	0.96	1.0	0.12	medicine	met sc√®ne	m…õds…ôn
S	0.96	1.0	0.12	mention	main cha√ģne	m…õn É…ôn
S	0.96	1.0	0.12	metric	met reg	m…õt…Ļ…™k
S	0.96	1.0	0.12	monster	m√Ęnes tes	m…ínst…ź
S	0.96	1.0	0.12	obsessed	aubes est	…íbs…õst
S	0.96	1.0	0.12	panties	pan th√®se	p…Ďňźnt…™z
S	0.96	1.0	0.12	peaceful	pis folle	piňźsf…ôl
S	0.96	1.0	0.12	pencil	peines elle	p…õns…ôl
S	0.96	1.0	0.24	petrol	paient r√īle	p…õt…Ļ…ôl
S	0.96	1.0	0.12	pleaded	plient aide	pliňźd…™d
S	0.96	1.0	0.12	protesters	pr√™tais th√®se	p…Ļ…ôt…õst…ôz
S	0.96	1.0	0.24	reasonably	ries anobli	…Ļiňźz…ôn…ôbli
S	0.96	1.0	0.12	region	rient g√™ne	…Ļiňźd í…ôn
S	0.96	1.0	0.12	rental	rhin tel	…Ļ…õnt…ôl
S	0.96	1.0	0.24	restored	rincent ode	…Ļ…™st…Ēňźd
S	0.96	1.0	0.12	sensors	sain seize	s…õns…ôz
S	0.96	1.0	0.12	shelters	g√®lent aise	 É…õlt…ôz
S	0.96	1.0	0.12	sixty	secs tee	s…™ksti
S	0.96	1.0	0.12	softly	savent lis	s…íftli
S	0.96	1.0	0.12	succeed	secs ides	s…ôksiňźd
S	0.96	1.0	0.12	success	secs ace	s…ôks…õs
S	0.96	1.0	0.12	system	cessent homme	s…™st…ôm
S	0.96	1.0	0.12	teachers	dit chaise	tiňźt É…ôz
S	0.96	1.0	0.12	teaches	dit chaise	tiňźt É…™z
S	0.96	1.0	0.12	tension	tain cha√ģne	t…õn É…ôn
S	0.96	1.0	0.24	tightly	taillent lis	ta…™tli
S	0.96	1.0	0.12	trustee	trots tee	t…Ļ Ćstiňź
S	0.96	1.0	0.12	western	ouais tonnes	w…õst…ôn
S	0.96	1.0	0.12	yourself	ions elfes	j…Ēňźs…õlf
S	0.959	1.0	0.15	expressing	expr√®s in	…õksp…Ļ…õs…™Ňč
S	0.959	1.0	0.25	preferably	pr√™t repli	p…Ļ…õf…Ļ…ôbli
S	0.958	1.0	0.12	distract	dis tracts	d…™st…Ļ√¶kt
S	0.958	1.0	0.12	domestic	demains tic	d…ôm…õst…™k
S	0.958	1.0	0.12	fortunate	faut cha√ģnette	f…Ēňźt É…ôn…ôt
S	0.958	1.0	0.15	freezing	frits in	f…Ļiňźz…™Ňč
S	0.958	1.0	0.15	pleasing	plies in	pliňźz…™Ňč
S	0.958	1.0	0.15	reaching	rient chine	…Ļiňźt É…™Ňč
S	0.958	1.0	0.12	sensitive	sain sait ive	s…õns…™t…™v
S	0.958	1.0	0.15	sweating	souhait in	sw…õt…™Ňč
S	0.958	1.0	0.15	treating	trient in	t…Ļiňźt…™Ňč
S	0.957	1.0	0.12	fastest	fats test	f…Ďňźst…ôst
S	0.957	1.0	0.12	podcast	pot caste	p…ídk…Ďňźst
S	0.956	1.0	0.12	destructive	dis traquent ive	d…™st…Ļ Ćkt…™v
S	0.956	1.0	0.12	disease	dis hisse	d…™ziňźz
S	0.956	0.9	0.12	estimated	estimait aide	…õst…™me…™t…™d
S	0.956	1.0	0.12	lawsuit	lots ao√Ľt	l…Ēňźsuňźt
S	0.956	1.0	0.12	mature	met chaud	m…ôt É…Ēňź
S	0.956	1.0	0.12	mentor	main taux	m…õnt…Ēňź
S	0.956	1.0	0.12	portal	pot elle	p…Ēňźt…ôl
S	0.956	1.0	0.12	receive	ries ive	…Ļ…™siňźv
S	0.956	1.0	0.12	tennis	tain hisse	t…õn…™s
S	0.956	1.0	0.12	vista	vis tes	v…™st…ź
S	0.956	1.0	0.12	written	rient haine	…Ļ…™t…ôn
S	0.955	1.0	0.15	busted	baissent aide	b Ćst…™d
S	0.955	1.0	0.15	centered	saignent aide	s…õnt…ôd
S	0.955	1.0	0.12	forensic	forain sec	f…ô…Ļ…õns…™k
S	0.955	1.0	0.12	inspector	haines becqueter	…™nsp…õkt…ź
S	0.955	1.0	0.12	policeman	polis m√®ne	p…ôliňźsm…ôn
S	0.955	1.0	0.12	practiced	braquent est	p…Ļ√¶kt…™st
S	0.955	1.0	0.12	predators	pr√™tait aise	p…Ļ…õd…ôt…ôz
S	0.955	1.0	0.24	register	raids ester	…Ļ…õd í…™st…ź
S	0.955	1.0	0.15	shotgun	chaud gaine	 É…ít…° Ćn
S	0.955	1.0	0.15	sunset	saines √™tes	s Ćns…õt
S	0.955	1.0	0.15	venture	feignent chez	v…õnt É…ź
S	0.954	1.0	0.12	basket	bas quitte	b…Ďňźsk…™t
S	0.954	1.0	0.12	diseases	dis isis	d…™ziňźz…™z
S	0.954	1.0	0.12	distracted	dis traquent aide	d…™st…Ļ√¶kt…™d
S	0.954	1.0	0.12	restart	ries t√Ęte	…Ļ…™st…Ďňźt
S	0.954	1.0	0.2	routinely	ruent inou√Į	…Ļuňźtiňźnli
S	0.954	1.0	0.25	stressful	stressent elle	st…Ļ…õsf…ôl
S	0.953	0.91	0.15	distributor	dissent rebuter	d…™st…Ļ…™bjuňźt…ź
S	0.953	0.91	0.12	respiratory	respirait ri	…Ļ…™sp…™…Ļ…ôt…ô…Ļi
S	0.952	1.0	0.12	acoustic	√©gouts tic	…źkuňźst…™k
S	0.952	1.0	0.12	attended	√©tain dites	…źt…õnd…™d
S	0.952	1.0	0.12	attending	√©tain digne	…źt…õnd…™Ňč
S	0.952	1.0	0.12	baseball	pays bol	be…™sb…Ēňźl
S	0.952	1.0	0.12	battle	bat elle	b√¶t…ôl
S	0.952	1.0	0.12	bottle	bat elle	b…ít…ôl
S	0.952	1.0	0.12	causes	cons aise	k…Ēňźz…™z
S	0.952	0.9	0.24	celebrities	c√©l√®brent hisse	s…ôl…õb…Ļ…™tiz
S	0.952	1.0	0.12	certain	sait haine	s…úňźt…ôn
S	0.952	1.0	0.12	committed	commit aide	k…ôm…™t…™d
S	0.952	1.0	0.12	committees	commit hisse	k…ôm…™tiz
S	0.952	1.0	0.12	dancer	tan ses	d…Ďňźns…ź
S	0.952	1.0	0.12	daughters	dont aise	d…Ēňźt…ôz
S	0.952	1.0	0.24	deadly	d√®s lis	d…õdli
S	0.952	1.0	0.12	defender	divin des	d…™f…õnd…ź
S	0.952	1.0	0.12	discussed	dis caste	d…™sk Ćst
S	0.952	1.0	0.12	dusty	des tee	d Ćsti
S	0.952	1.0	0.12	fitted	fait aide	f…™t…™d
S	0.952	1.0	0.12	leaders	lient aise	liňźd…ôz
S	0.952	1.0	0.12	lesson	laids haine	l…õs…ôn
S	0.952	1.0	0.12	matters	mat aise	m√¶t…ôz
S	0.952	1.0	0.12	medal	met elle	m…õd…ôl
S	0.952	1.0	0.12	monitored	manient aide	m…ín…™t…ôd
S	0.952	1.0	0.12	needed	nid aide	niňźd…™d
S	0.952	1.0	0.12	needle	nid elle	niňźd…ôl
S	0.952	1.0	0.12	onset	√Ęnes √™tes	…íns…õt
S	0.952	1.0	0.12	pieces	pis aise	piňźs…™z
S	0.952	1.0	0.12	piton	paient haine	p…™t…ôn
S	0.952	1.0	0.24	pizza	peut ses	piňźts…ź
S	0.952	1.0	0.12	practice	braquent hisse	p…Ļ√¶kt…™s
S	0.952	0.9	0.12	prosperity	pr√®s perdit	p…Ļ…ôsp…õ…Ļ…™ti
S	0.952	1.0	0.12	purchased	paient schiste	p…úňźt É…™sd
S	0.952	1.0	0.12	pursuit	paix ao√Ľt	p…ôsuňźt
S	0.952	1.0	0.12	rapidly	r√©pit lis	…Ļ√¶p…™dli
S	0.952	1.0	0.12	readers	rient aise	…Ļiňźd…ôz
S	0.952	1.0	0.12	relative	relaient ive	…Ļ…õl…ôt…™v
S	0.952	1.0	0.12	retrieved	rient rift	…Ļ…™t…Ļiňźvd
S	0.952	1.0	0.12	richest	rient geste	…Ļ…™t É…ôst
S	0.952	1.0	0.12	rooted	ruent aide	…Ļuňźt…™d
S	0.952	1.0	0.12	rotten	rat haine	…Ļ…ít…ôn
S	0.952	1.0	0.12	shattered	chat aide	 É√¶t…ôd
S	0.952	1.0	0.12	shooters	jouent aise	 Éuňźt…ôz
S	0.952	1.0	0.12	sister	ces tes	s…™st…ź
S	0.952	1.0	0.12	sorted	sont aide	s…Ēňźt…™d
S	0.952	1.0	0.12	subtle	saut elle	s Ćt…ôl
S	0.952	1.0	0.12	successor	secs essaie	s…ôks…õs…ź
S	0.952	1.0	0.24	tinder	tain des	t…™nd…ź
S	0.952	1.0	0.12	toddler	t√īt les	t…ídl…ź
S	0.952	1.0	0.12	wizard	ouais aide	w…™z…ôd
S	0.951	1.0	0.24	century	saignent ch√©rie	s…õnt É…ô…Ļi
S	0.951	1.0	0.25	respectful	respectent elle	…Ļ…™sp…õktf…ôl
S	0.95	1.0	0.12	bastard	passent aide	b…Ďňźst…ôd
S	0.95	1.0	0.12	glasses	glass aise	…°l…Ďňźs…™z
S	0.95	1.0	0.24	largely	lads lis	l…Ďňźd íli
S	0.95	1.0	0.15	letting	laid in	l…õt…™Ňč
S	0.95	1.0	0.15	seating	scient in	siňźt…™Ňč
S	0.95	1.0	0.15	setting	sait in	s…õt…™Ňč
S	0.95	1.0	0.25	sixteen	fixent in	s…™kstiňźn
S	0.949	1.0	0.24	anatomy	hennit omis	…źn√¶t…ômi
S	0.949	1.0	0.24	arrested	h√©rissent aide	…ź…Ļ…õst…™d
S	0.949	1.0	0.12	classroom	clans rhume	kl…Ďňźs…Ļuňźm
S	0.949	1.0	0.24	confessed	con veste	k…ônf…õst
S	0.949	1.0	0.24	defeated	d√©fient aide	d…™fiňźt…™d
S	0.949	1.0	0.24	deleted	d√©lit aide	d…™liňźt…™d
S	0.949	1.0	0.24	dentist	donnent est	d…õnt…™st
S	0.949	1.0	0.12	dreadful	trait folle	d…Ļ…õdf…ôl
S	0.949	1.0	0.12	federal	fait airelles	f…õd…ô…Ļ…ôl
S	0.949	1.0	0.12	largest	lent geste	l…Ďňźd í…ôst
S	0.949	1.0	0.12	mistress	mais tresses	m…™st…Ļ…ôs
S	0.949	1.0	0.12	monsters	m√Ęnes th√®se	m…ínst…ôz
S	0.949	1.0	0.12	princes	prennes aise	p…Ļ…™ns…™z
S	0.949	1.0	0.12	productive	pr√™t active	p…Ļ…ôd Ćkt…™v
S	0.949	1.0	0.24	references	refrain six	…Ļ…õf…Ļ…ôns…™z
S	0.949	1.0	0.24	repeated	r√©pit aide	…Ļ…™piňźt…™d
S	0.949	1.0	0.24	sketches	skient chaise	sk…õt É…™z
S	0.949	1.0	0.12	targeted	tanguait aide	t…Ďňź…°…™t…™d
S	0.949	1.0	0.24	treasurer	trais aurez	t…Ļ…õ í…ô…Ļ…ź
S	0.948	1.0	0.24	branches	bradent chaise	b…Ļ…Ďňźnt É…™z
S	0.948	1.0	0.15	casting	cassent in	k…Ďňźst…™Ňč
S	0.948	0.9	0.12	cholesterol	collais troll	k…ôl…õst…ô…Ļ…íl
S	0.948	1.0	0.24	constructive	cannes traquent ive	k…ônst…Ļ Ćkt…™v
S	0.947	1.0	0.2	beaches	but chaise	biňźt É…™z
S	0.947	1.0	0.24	excluded	exclus aide	…õkskluňźd…™d
S	0.947	1.0	0.24	exclusion	exclus haine	…õkskluňź í…ôn
S	0.947	1.0	0.25	fracture	traquent chez	f…Ļ√¶kt É…ź
S	0.947	1.0	0.15	penguin	pain gouine	p…õŇč…°w…™n
S	0.947	1.0	0.15	planting	planent in	pl√¶nt…™Ňč
S	0.947	1.0	0.25	platform	plat sommes	pl√¶tf…Ēňźm
S	0.947	1.0	0.12	potentially	potin joli	p…ôt…õn É…ôli
S	0.947	1.0	0.15	printing	prennent in	p…Ļ…™nt…™Ňč
S	0.947	1.0	0.24	protected	pr√™t exc√®de	p…Ļ…ôt…õkt…™d
S	0.947	1.0	0.12	suspended	ces peinent aide	s…ôsp…õnd…™d
S	0.947	1.0	0.12	suspension	ces pain cha√ģne	s…ôsp…õn É…ôn
S	0.947	1.0	0.15	switching	souhait chine	sw…™t É…™Ňč
S	0.947	1.0	0.15	trusting	tracent in	t…Ļ Ćst…™Ňč
S	0.946	1.0	0.12	artistic	attisent hic	…Ďňźt…™st…™k
S	0.946	1.0	0.24	centuries	saignent cerise	s…õnt É…ô…Ļ…™z
S	0.946	0.9	0.12	legendary	laid g√™nent ri	l…õd í…ônd…ô…Ļi
S	0.945	1.0	0.15	addresses	adrets aise	…źd…Ļ…õs…™z
S	0.945	1.0	0.15	amended	am√®nent aide	…źm…õnd…™d
S	0.945	0.91	0.15	frustrated	frais trait aide	f…Ļ Ćst…Ļe…™t…™d
S	0.945	1.0	0.12	mortality	mot alit√©	m…Ēňźt√¶l…™ti
S	0.945	1.0	0.12	promises	promis aise	p…Ļ…ím…™s…™z
S	0.945	1.0	0.15	releases	relis aise	…Ļ…™liňźs…™z
S	0.945	1.0	0.15	ventures	feignent chaise	v…õnt É…ôz
S	0.944	1.0	0.12	bending	ben digne	b…õnd…™Ňč
S	0.944	1.0	0.12	beside	bis a√®de	b…™sa…™d
S	0.944	1.0	0.12	classic	cl√©s hic	kl√¶s…™k
S	0.944	1.0	0.24	clinic	clin hic	kl…™n…™k
S	0.944	1.0	0.15	contested	cognent esth√®te	k…ônt…õst…™d
S	0.944	1.0	0.12	credit	cr√©ent √™tes	k…Ļ…õd…™t
S	0.944	1.0	0.12	dances	tan six	d…Ďňźns…™z
S	0.944	1.0	0.12	digit	dit jette	d…™d í…™t
S	0.944	1.0	0.12	disorder	dis ond√©es	d…™s…Ēňźd…ź
S	0.944	1.0	0.12	fifteen	vivent in	f…™ftiňźn
S	0.944	1.0	0.12	honesty	anis tee	…ín…™sti
S	0.944	1.0	0.12	install	haines taule	…™nst…Ēňźl
S	0.944	1.0	0.12	lending	lin digne	l…õnd…™Ňč
S	0.944	1.0	0.12	pending	pain digne	p…õnd…™Ňč
S	0.944	1.0	0.12	pixel	pics elle	p…™ks…ôl
S	0.944	1.0	0.12	preserve	pris √®ve	p…Ļ…™s…úňźv
S	0.944	1.0	0.12	resist	ries est	…Ļ…™s…™st
S	0.944	1.0	0.12	sending	sain digne	s…õnd…™Ňč
S	0.944	1.0	0.12	tended	tain dites	t…õnd…™d
S	0.944	1.0	0.24	tortured	t√īt chaude	t…Ēňźt É…ôd
S	0.944	1.0	0.12	wrestling	raies ligne	…Ļ…õsl…™Ňč
S	0.943	1.0	0.24	chemistry	commis tri	k…õm…™st…Ļi
S	0.943	1.0	0.24	detected	dit exc√®de	d…™t…õkt…™d
S	0.943	1.0	0.24	existed	exit aide	…õ…°z…™st…™d
S	0.943	1.0	0.24	industry	in haussent ri	…™nd Ćst…Ļi
S	0.943	1.0	0.24	prisoners	prison aise	p…Ļ…™z…ôn…ôz
S	0.943	1.0	0.12	successes	secs incise	s…ôks…õs…™z
S	0.943	1.0	0.24	transmit	tra√ģnes mythe	t…Ļ√¶nsm…™t
S	0.942	0.9	0.12	exercises	exc√®s assise	…õks…ôsa…™z…™z
S	0.942	0.9	0.24	prestigious	pressent jazz	p…Ļ…õst…™d í…ôs
S	0.942	1.0	0.24	restricted	ries trinquent aide	…Ļ…™st…Ļ…™kt…™d
S	0.941	1.0	0.25	preferences	pr√™t rhin six	p…Ļ…õf…Ļ…ôns…™z
S	0.941	1.0	0.15	restoring	ries taurine	…Ļ…™st…Ēňź…Ļ…™Ňč
S	0.94	1.0	0.12	bedroom	paient rhume	b…õd…Ļuňźm
S	0.94	1.0	0.12	broadly	prompt lis	b…Ļ…Ēňźdli
S	0.94	1.0	0.12	classes	clans aise	kl…Ďňźs…™z
S	0.94	1.0	0.24	condemn	con th√®me	k…ônd…õm
S	0.94	1.0	0.24	conductor	con dict√©e	k…ônd Ćkt…ź
S	0.94	1.0	0.12	dancers	tan seize	d…Ďňźns…ôz
S	0.94	1.0	0.12	dresses	drains aise	d…Ļ…õs…™z
S	0.94	1.0	0.24	duchess	dit chaise	d Ćt É…õs
S	0.94	1.0	0.24	eldest	elles est	…õld…ôst
S	0.94	1.0	0.24	endless	haines laisse	…õndl…ôs
S	0.94	1.0	0.24	engine	haines g√™ne	…õnd í…™n
S	0.94	1.0	0.12	flooded	flot aide	fl Ćd…™d
S	0.94	1.0	0.12	funded	fanent aide	f Ćnd…™d
S	0.94	1.0	0.24	gladly	glass lis	…°l√¶dli
S	0.94	1.0	0.24	gorgeous	godes os	…°…Ēňźd í…ôs
S	0.94	1.0	0.24	lecture	liguent chez	l…õkt É…ź
S	0.94	1.0	0.12	legit	laid jette	l…ôd í…™t
S	0.94	1.0	0.12	lenders	lin dos	l…õnd…ôz
S	0.94	1.0	0.12	modest	mot est	m…íd…ôst
S	0.94	1.0	0.24	mysteries	mais cerise	m…™st…ô…Ļiz
S	0.94	1.0	0.24	network	nid wok	n…õtw…úňźk
S	0.94	1.0	0.24	offender	afin des	…ôf…õnd…ź
S	0.94	1.0	0.12	parcel	pas elle	p…Ďňźs…ôl
S	0.94	1.0	0.12	passes	pas aise	p…Ďňźs…™z
S	0.94	1.0	0.24	printer	brin tes	p…Ļ…™nt…ź
S	0.94	1.0	0.12	professors	brevets aise	p…Ļ…ôf…õs…ôz
S	0.94	1.0	0.24	protector	pr√™t exc√®s	p…Ļ…ôt…õkt…ź
S	0.94	1.0	0.24	rendered	reines aide	…Ļ…õnd…ôd
S	0.94	1.0	0.12	rented	rhin t√™te	…Ļ…õnt…™d
S	0.94	0.9	0.12	residential	raies tain gel	…Ļ…õz…™d…õn É…ôl
S	0.94	1.0	0.24	scattered	skient aide	sk√¶t…ôd
S	0.94	1.0	0.24	senator	sain √©t√©	s…õn…ôt…ź
S	0.94	1.0	0.24	settled	sait halte	s…õt…ôld
S	0.94	1.0	0.24	seventeen	siphonnent in	s…õv…ôntiňźn
S	0.94	1.0	0.24	tested	cessent aide	t…õst…™d
S	0.94	1.0	0.24	title	taillent elle	ta…™t…ôl
S	0.94	1.0	0.24	transmitted	tra√ģnes met aide	t…Ļ√¶nsm…™t…™d
S	0.94	1.0	0.24	treasures	trais aise	t…Ļ…õ í…ôz
S	0.94	1.0	0.24	twenty	soin tee	tw…õnti
S	0.94	1.0	0.12	vendors	vin dos	v…õnd…ôz
S	0.939	0.9	0.12	communities	communient hisse	k…ômjuňźn…™tiz
S	0.939	1.0	0.24	controversy	cognent rev√™tit	k…ínt…Ļ…ôv…úňźsi
S	0.939	1.0	0.15	decreasing	d√©cris in	diňźk…Ļiňźs…™Ňč
S	0.939	1.0	0.25	verified	verrait a√®de	v…õ…Ļ…™fa…™d
S	0.938	1.0	0.25	briefly	prient lis	b…Ļiňźfli
S	0.938	1.0	0.15	costing	cassent in	k…íst…™Ňč
S	0.938	1.0	0.12	disgusting	dis casting	d…™s…° Ćst…™Ňč
S	0.938	1.0	0.15	editing	aidait in	…õd…™t…™Ňč
S	0.938	0.91	0.2	exclusively	exclus flux	…õkskluňźs…™vli
S	0.938	1.0	0.15	greeting	crient in	…°…Ļiňźt…™Ňč
S	0.938	1.0	0.15	teaching	dit chine	tiňźt É…™Ňč
S	0.937	1.0	0.24	aesthetic	hissent √©thique	iňźsőł…õt…™k
S	0.937	1.0	0.12	policies	polis aise	p…íl…™s…™z
S	0.936	1.0	0.24	perspective	paix piquent ive	p…ôsp…õkt…™v
S	0.936	1.0	0.24	suspected	ces pectine	s…ôsp…õkt…™d
S	0.935	1.0	0.12	assaulted	isolent aide	…źs…ílt…™d
S	0.935	1.0	0.24	bridges	brides aise	b…Ļ…™d í…™z
S	0.935	1.0	0.24	colonies	colin aise	k…íl…ôn…™z
S	0.935	1.0	0.12	density	tain cit√©	d…õns…™ti
S	0.935	1.0	0.24	dismissed	dis must	d…™sm…™st
S	0.935	1.0	0.24	foreigners	forain aise	f…í…Ļ…ôn…ôz
S	0.935	1.0	0.24	monthly	m√®nent lis	m Ćnőłli
S	0.935	1.0	0.12	origin	aurait g√™ne	…í…Ļ…™d í…™n
S	0.935	1.0	0.24	receptor	ries opt√©	…Ļ…™s…õpt…ź
S	0.935	1.0	0.24	withdrawal	ouais dr√īle	w…™√įd…Ļ…Ēňźl
S	0.934	1.0	0.24	conclusion	con clous haine	k…ônkluňź í…ôn
S	0.934	0.91	0.24	frustrating	pressent r√©tine	f…Ļ Ćst…Ļe…™t…™Ňč
S	0.934	1.0	0.24	sovereignty	savarin tee	s…ív…ô…Ļ…™nti
S	0.934	1.0	0.24	suggested	c√®des esth√®te	s…ôd í…õst…™d
S	0.933	1.0	0.15	committing	commit in	k…ôm…™t…™Ňč
S	0.933	1.0	0.24	excluding	exclus in	…õkskluňźd…™Ňč
S	0.932	1.0	0.12	academy	√©gaient omis	…źk√¶d…ômi
S	0.932	1.0	0.24	affected	√©voquent aide	…źf…õkt…™d
S	0.932	1.0	0.24	certainty	sait ensi	s…úňźt…ônti
S	0.932	1.0	0.24	concealed	con tilde	k…ônsiňźld
S	0.932	1.0	0.24	concept	cannes opte	k…íns…õpt
S	0.932	1.0	0.24	conclude	con claude	k…ônkluňźd
S	0.932	1.0	0.24	exodus	exc√®s os	…õks…ôd…ôs
S	0.932	1.0	0.12	forces	faux aise	f…Ēňźs…™z
S	0.932	1.0	0.12	granted	cran t√™te	…°…Ļ…Ďňźnt…™d
S	0.932	1.0	0.24	indeed	in ides	…™ndiňźd
S	0.932	1.0	0.24	installed	haines solde	…™nst…Ēňźld
S	0.932	1.0	0.24	interest	aident reste	…™nt…Ļ…ôst
S	0.932	1.0	0.24	internet	aident honn√™te	…™nt…ôn…õt
S	0.932	1.0	0.24	lectures	liguent chaise	l…õkt É…ôz
S	0.932	1.0	0.24	northwest	nŇďud ouest	n…Ēňźőłw…õst
S	0.932	1.0	0.24	penalty	pain haleter	p…õn…ôlti
S	0.932	1.0	0.24	personnel	pinson elle	p…úňźs…ôn…õl
S	0.932	1.0	0.24	product	pros acte	p…Ļ…íd Ćkt
S	0.932	1.0	0.24	quantum	quad homme	kw…ínt…ôm
S	0.932	1.0	0.12	remedies	remet hisse	…Ļ…õm…ôdiz
S	0.932	1.0	0.24	reporters	r√©pond aise	…Ļ…™p…Ēňźt…ôz
S	0.932	0.9	0.24	separated	s√©parait aide	s…õp…ô…Ļe…™t…™d
S	0.931	1.0	0.24	bathroom	bat rhume	b…Ďňźőł…Ļuňźm
S	0.931	1.0	0.24	cardboard	cas botte	k…Ďňźdb…Ēňźd
S	0.931	1.0	0.12	partners	bat noces	p…Ďňźtn…ôz
S	0.93	1.0	0.25	defeat	dit hit	d…™fiňźt
S	0.93	1.0	0.12	defended	divin dites	d…™f…õnd…™d
S	0.93	1.0	0.12	defending	divin digne	d…™f…õnd…™Ňč
S	0.93	1.0	0.24	extraordinary	extrait ignorer	…õkst…Ļ…Ēňźd…™n…ô…Ļi
S	0.93	1.0	0.12	preceded	pris √©dite	p…Ļ…™siňźd…™d
S	0.93	0.9	0.12	proximity	braques midi	p…Ļ…íks…™m…™ti
S	0.93	1.0	0.15	requested	recoins t√™te	…Ļ…™kw…õst…™d
S	0.93	1.0	0.24	spreading	sprays in	sp…Ļ…õd…™Ňč
S	0.93	1.0	0.24	transported	tra√ģnes petite	t…Ļ√¶nsp…Ēňźt…™d
S	0.93	1.0	0.15	whichever	huit cheveux	w…™t É…õv…ź
S	0.929	1.0	0.12	borders	bond aise	b…Ēňźd…ôz
S	0.929	1.0	0.12	cartoon	gand un	k…Ďňźtuňźn
S	0.929	1.0	0.24	edges	aides aise	…õd í…™z
S	0.929	1.0	0.24	elders	elles aise	…õld…ôz
S	0.929	1.0	0.24	ended	haines aide	…õnd…™d
S	0.929	1.0	0.24	endure	haines ion	…õndj…Ēňź
S	0.929	1.0	0.24	entered	aident aide	…õnt…ôd
S	0.929	1.0	0.24	enters	aident aise	…õnt…ôz
S	0.929	1.0	0.24	feathers	fais aise	f…õ√į…ôz
S	0.929	1.0	0.12	garden	gand haine	…°…Ďňźd…ôn
S	0.929	1.0	0.12	gases	gars aise	…°√¶s…™z
S	0.929	1.0	0.24	item	aillent homme	a…™t…ôm
S	0.929	1.0	0.24	kidney	quais ni	k…™dni
S	0.929	1.0	0.12	kisses	quais aise	k…™s…™z
S	0.929	1.0	0.12	larger	lent chez	l…Ďňźd í…ź
S	0.929	1.0	0.24	lethal	lient elle	liňźőł…ôl
S	0.929	1.0	0.12	losses	las aise	l…ís…™z
S	0.929	1.0	0.12	masses	mes aise	m√¶s…™z
S	0.929	1.0	0.24	measured	mais aide	m…õ í…ôd
S	0.929	1.0	0.24	measures	mais aise	m…õ í…ôz
S	0.929	1.0	0.12	merger	met chez	m…úňźd í…ź
S	0.929	1.0	0.24	method	met aide	m…õőł…ôd
S	0.929	1.0	0.12	modern	mot haine	m…íd…ôn
S	0.929	1.0	0.12	murdered	met aide	m…úňźd…ôd
S	0.929	1.0	0.12	murders	met aise	m…úňźd…ôz
S	0.929	1.0	0.24	pattern	peut haine	p√¶t…ôn
S	0.929	1.0	0.24	peters	peut aise	piňźt…ôz
S	0.929	1.0	0.12	roger	rat chez	…Ļ…íd í…ź
S	0.929	1.0	0.24	sadly	ses lis	s√¶dli
S	0.929	1.0	0.12	verses	vais aise	v…úňźs…™z
S	0.929	1.0	0.12	versus	vais aise	v…úňźs…™z
S	0.928	0.91	0.24	creativity	cr√©ait √©viter	k…Ļiňźe…™t…™v…™ti
S	0.928	1.0	0.24	descended	dizaines aide	d…™s…õnd…™d
S	0.928	0.9	0.24	priorities	braillard hisse	p…Ļa…™…í…Ļ…™tiz
S	0.928	1.0	0.24	retention	ricin cha√ģne	…Ļ…™t…õn É…ôn
S	0.928	1.0	0.12	succeeded	secs √©dite	s…ôksiňźd…™d
S	0.927	0.9	0.15	discovering	dis caverne	d…™sk Ćv…ô…Ļ…™Ňč
S	0.926	1.0	0.15	betting	paient in	b…õt…™Ňč
S	0.926	1.0	0.24	converted	con vedette	k…ônv…úňźt…™d
S	0.926	1.0	0.24	disaster	dis acheter	d…™s…Ďňźst…ź
S	0.926	1.0	0.15	discussing	discos in	d…™sk Ćs…™Ňč
S	0.926	1.0	0.15	feeding	fient in	fiňźd…™Ňč
S	0.926	1.0	0.24	lecturer	liguent serez	l…õkt É…ô…Ļ…ź
S	0.926	1.0	0.15	messing	mais in	m…õs…™Ňč
S	0.926	1.0	0.24	monopoly	mon appelait	m…ôn…íp…ôli
S	0.926	1.0	0.15	morning	mon in	m…Ēňźn…™Ňč
S	0.926	1.0	0.15	mourning	mon in	m…Ēňźn…™Ňč
S	0.926	1.0	0.15	needing	nid in	niňźd…™Ňč
S	0.926	1.0	0.24	penalties	pain altesse	p…õn…ôlt…™z
S	0.926	1.0	0.25	perform	paient homme	p…ôf…Ēňźm
S	0.926	1.0	0.24	proceeded	pr√©cis aide	p…Ļ…ôsiňźd…™d
S	0.926	1.0	0.24	properties	frappait aise	p…Ļ…íp…ôt…™z
S	0.926	1.0	0.24	provision	brevets haine	p…Ļ…ôv…™ í…ôn
S	0.926	1.0	0.15	shooting	jouent in	 Éuňźt…™Ňč
S	0.926	1.0	0.24	splendid	spleen aide	spl…õnd…™d
S	0.926	1.0	0.25	thirteen	fait in	őł…úňźtiňźn
S	0.926	1.0	0.24	tragedy	trait jeter	t…Ļ√¶d í…ôdi
S	0.926	1.0	0.24	transferred	tra√ģnes faites	t…Ļ√¶nsf…úňźd
S	0.925	0.9	0.24	electrical	liguent recolle	…™l…õkt…Ļ…™k…ôl
S	0.924	1.0	0.12	dancing	tan signe	d…Ďňźns…™Ňč
S	0.924	1.0	0.15	disturbing	dissent open	d…™st…úňźb…™Ňč
S	0.924	1.0	0.24	messenger	m√©c√®nes je	m…õs…™nd í…ź
S	0.924	1.0	0.24	personalities	pinson allait hisse	p…úňźs…ôn√¶l…™tiz
S	0.924	1.0	0.15	preceding	pris √©den	p…Ļ…™siňźd…™Ňč
S	0.923	1.0	0.24	grandma	green ma	…°…Ļ√¶ndm…Ďňź
S	0.923	1.0	0.24	reinforce	rien fausse	…Ļiňź…™nf…Ēňźs
S	0.923	1.0	0.24	rejected	rides exc√®de	…Ļ…™d í…õkt…™d
S	0.923	1.0	0.24	responded	ries pannes aide	…Ļ…™sp…índ…™d
S	0.922	1.0	0.15	according	√©cot in	…źk…Ēňźd…™Ňč
S	0.922	1.0	0.25	default	dit halte	d…™f…ílt
S	0.922	1.0	0.24	drafting	drapent in	d…Ļ…Ďňźft…™Ňč
S	0.922	1.0	0.15	proceeding	pr√®s √©den	p…Ļ…ôsiňźd…™Ňč
S	0.921	1.0	0.24	brothers	bras aise	b…Ļ Ć√į…ôz
S	0.921	1.0	0.24	builders	belles aise	b…™ld…ôz
S	0.921	1.0	0.24	denied	tain a√®de	d…™na…™d
S	0.921	1.0	0.24	energy	hainaut chie	…õn…ôd íi
S	0.921	1.0	0.24	intact	aident acte	…™nt√¶kt
S	0.921	1.0	0.24	interested	aident rincent aide	…™nt…Ļ…ôst…™d
S	0.921	1.0	0.24	orgasm	hoquets homme	…Ēňź…°√¶z…ôm
S	0.921	1.0	0.24	pornography	bon agrafer	p…Ēňźn…í…°…Ļ…ôfi
S	0.921	1.0	0.24	procedures	pr√©cis chaise	p…Ļ…ôsiňźd í…ôz
S	0.921	1.0	0.24	protection	pr√™t exc√®de	p…Ļ…ôt…õk É…ôn
S	0.92	1.0	0.24	networks	nid vexe	n…õtw…úňźks
S	0.92	1.0	0.15	rebuilding	rebellent in	…Ļ…™b…™ld…™Ňč
S	0.92	1.0	0.24	supportive	sabot ive	s…ôp…Ēňźt…™v
S	0.919	1.0	0.15	bleeding	plient in	bliňźd…™Ňč
S	0.919	1.0	0.24	breathing	bris in	b…Ļiňź√į…™Ňč
S	0.919	1.0	0.15	crossing	crocs in	k…Ļ…ís…™Ňč
S	0.919	1.0	0.15	flooding	flot in	fl Ćd…™Ňč
S	0.919	1.0	0.15	funding	fanent in	f Ćnd…™Ňč
S	0.919	1.0	0.25	performer	paient omis	p…ôf…Ēňźm…ź
S	0.919	1.0	0.25	prefers	pr√™t aise	p…Ļ…™f…úňźz
S	0.919	1.0	0.24	protecting	pratiquent in	p…Ļ…ôt…õkt…™Ňč
S	0.919	1.0	0.24	subjective	sapent choquent ive	s Ćbd í…õkt…™v
S	0.918	1.0	0.24	erected	irriguent aide	…™…Ļ…õkt…™d
S	0.918	1.0	0.24	offended	afin dites	…ôf…õnd…™d
S	0.918	1.0	0.24	supported	sabot aide	s…ôp…Ēňźt…™d
S	0.918	1.0	0.24	supporters	sabot aise	s…ôp…Ēňźt…ôz
S	0.917	1.0	0.24	pardon	pas haine	p…Ďňźd…ôn
S	0.917	1.0	0.24	projected	pr√™tes exc√®de	p…Ļ…ôd í…õkt…™d
S	0.917	1.0	0.15	quitting	cuit in	kw…™t…™Ňč
S	0.916	1.0	0.2	waters	lot aise	w…Ēňźt…ôz
S	0.915	1.0	0.24	branded	prennent aide	b…Ļ√¶nd…™d
S	0.915	1.0	0.24	landlord	lad lotte	l√¶ndl…Ēňźd
S	0.915	1.0	0.24	maternal	matin elle	m…ôt…úňźn…ôl
S	0.915	0.9	0.24	opportunity	app√Ęt unit√©	…íp…ôtjuňźn…™ti
S	0.915	1.0	0.24	orthodox	hochet axe	…Ēňźőł…ôd…íks
S	0.915	1.0	0.24	reinforced	rien poste	…Ļiňź…™nf…Ēňźst
S	0.915	1.0	0.24	seasonal	saison elle	siňźz…ôn…ôl
S	0.915	1.0	0.24	surgery	sait g√©rer	s…úňźd í…ô…Ļi
S	0.915	1.0	0.24	unexpected	iniques pectine	 Ćn…õksp…õkt…™d
S	0.914	1.0	0.25	refreshing	rient rechigne	…Ļ…™f…Ļ…õ É…™Ňč
S	0.911	1.0	0.24	judges	jets aise	d í Ćd í…™z
S	0.911	1.0	0.24	liberties	levait aise	l…™b…ôt…™z
S	0.909	1.0	0.24	northern	nos haine	n…Ēňź√į…ôn
S	0.907	1.0	0.24	grandmother	green m√©d√©e	…°…Ļ√¶ndm Ć√į…ź
S	0.907	1.0	0.24	intriguing	aident ricaine	…™nt…Ļiňź…°…™Ňč
S	0.907	1.0	0.24	naturally	nid charolais	n√¶t É…ô…Ļ…ôli
S	0.907	0.9	0.24	originally	hordes inhal√©	…ô…Ļ…™d í…™n…ôli
S	0.907	1.0	0.24	stranded	strings aide	st…Ļ√¶nd…™d
S	0.907	1.0	0.24	strategic	stress√©es chic	st…Ļ…ôtiňźd í…™k
S	0.906	1.0	0.25	differs	dit aise	d…™f…ôz
S	0.906	1.0	0.15	forcing	faux in	f…Ēňźs…™Ňč
S	0.905	1.0	0.24	bothered	bas aide	b…í√į…ôd
S	0.905	1.0	0.24	depending	d√©peignent in	d…™p…õnd…™Ňč
S	0.905	0.9	0.24	endangered	haines in jette	…õnde…™nd í…ôd
S	0.905	1.0	0.24	gathered	gars aide	…°√¶√į…ôd
S	0.905	1.0	0.24	mothers	mes aise	m Ć√į…ôz
S	0.905	1.0	0.24	saddle	ses elle	s√¶d…ôl
S	0.905	1.0	0.24	southern	ses haine	s Ć√į…ôn
S	0.904	1.0	0.24	entries	aident ride	…õnt…Ļ…™z
S	0.902	1.0	0.24	ending	haines in	…õnd…™Ňč
S	0.902	1.0	0.25	enforce	aident os	…õnf…Ēňźs
S	0.902	1.0	0.25	suffered	saut aide	s Ćf…ôd
S	0.902	1.0	0.25	suffers	saut aise	s Ćf…ôz
S	0.901	1.0	0.12	dodgers	t√īt chaise	d…íd í…ôz
S	0.901	1.0	0.24	endorsed	haines est	…õnd…Ēňźsd
S	0.901	1.0	0.24	injury	in g√©rer	…™nd í…ô…Ļi
S	0.901	1.0	0.24	preserved	pris aphtes	p…Ļ…™s…úňźvd
