en	es	sound	tier
end	end	1.000	DUAL-S
free	free	1.000	DUAL-S
story	story	1.000	DUAL-S
sport	sport	1.000	DUAL-S
most	most	0.864	DUAL-S
post	post	0.864	DUAL-S
gold	gold	0.864	DUAL-S
train	tren	0.864	DUAL-S
friend	friend	0.850	DUAL-S
groups	grupos	0.850	DUAL-S
points	points	0.849	DUAL-S
court	court	0.849	DUAL-S
role	rol	0.833	DUAL-S
goal	gol	0.833	DUAL-S
pro	pro	0.833	DUAL-S
court	corte	0.828	DUAL-S
start	start	0.827	DUAL-S
links	links	0.823	DUAL-S
text	text	0.823	DUAL-S
point	point	0.823	DUAL-S
next	next	0.823	DUAL-S
strong	strong	0.823	DUAL-S
group	grupo	0.822	DUAL-S
google	google	0.821	DUAL-S
grand	grand	0.821	DUAL-S
front	front	0.821	DUAL-S
tracks	tracks	0.821	DUAL-S
frank	frank	0.821	DUAL-S
draft	draft	0.821	DUAL-S
four	four	0.815	DUAL-S
louis	luis	0.814	DUAL-S
saint	saint	0.810	DUAL-S
train	train	0.810	DUAL-S
transport	transporte	0.809	DUAL-S
baseball	beisbol	0.797	DUAL-S
part	part	0.793	DUAL-S
park	park	0.793	DUAL-S
army	army	0.793	DUAL-S
star	star	0.793	DUAL-S
arts	arts	0.793	DUAL-S
mark	mark	0.793	DUAL-S
dark	dark	0.793	DUAL-S
coach	coach	0.791	DUAL-S
transport	transportes	0.790	DUAL-S
more	more	0.789	DUAL-S
blue	blue	0.789	DUAL-S
true	true	0.789	DUAL-S
duke	duque	0.789	DUAL-S
duke	duke	0.789	DUAL-S
film	film	0.787	DUAL-S
born	born	0.787	DUAL-S
link	link	0.787	DUAL-S
best	best	0.787	DUAL-S
west	west	0.787	DUAL-S
short	short	0.787	DUAL-S
six	six	0.787	DUAL-S
lost	lost	0.787	DUAL-S
self	self	0.787	DUAL-S
test	test	0.787	DUAL-S
lord	lord	0.787	DUAL-S
fort	fort	0.787	DUAL-S
wiki	wiki	0.787	DUAL-S
chris	cris	0.787	DUAL-S
from	from	0.785	DUAL-S
last	last	0.785	DUAL-S
band	band	0.785	DUAL-S
black	black	0.785	DUAL-S
live	live	0.785	DUAL-S
track	track	0.785	DUAL-S
land	land	0.785	DUAL-S
bank	bank	0.785	DUAL-S
plan	plan	0.785	DUAL-S
camp	camp	0.785	DUAL-S
eight	eight	0.781	DUAL-S
peak	pico	0.781	DUAL-S
control	control	0.777	DUAL-S
defense	defensas	0.775	DUAL-S
main	main	0.770	DUAL-S
play	play	0.770	DUAL-S
street	street	0.768	DUAL-S
box	box	0.763	DUAL-S
stop	stop	0.763	DUAL-S
club	club	0.755	DUAL-S
much	much	0.755	DUAL-S
want	want	0.755	DUAL-S
mary	mary	0.755	DUAL-S
ground	ground	0.753	DUAL-S
copyright	copyright	0.753	DUAL-S
consensus	consensos	0.751	DUAL-S
press	prensas	0.749	DUAL-A
cross	cross	0.748	DUAL-A
road	road	0.748	DUAL-A
field	field	0.746	DUAL-A
chief	chief	0.746	DUAL-A
class	class	0.746	DUAL-A
match	match	0.745	DUAL-A
super	super	0.745	DUAL-A
super	súper	0.745	DUAL-A
far	far	0.740	DUAL-A
bar	bar	0.740	DUAL-A
mar	mar	0.740	DUAL-A
global	global	0.737	DUAL-A
software	software	0.736	DUAL-A
staff	staff	0.735	DUAL-A
report	reporte	0.735	DUAL-A
group	group	0.734	DUAL-A
when	when	0.733	DUAL-A
did	did	0.733	DUAL-A
long	long	0.733	DUAL-A
song	song	0.733	DUAL-A
set	set	0.733	DUAL-A
men	men	0.733	DUAL-A
king	king	0.733	DUAL-A
red	red	0.733	DUAL-A
led	led	0.733	DUAL-A
big	big	0.733	DUAL-A
win	win	0.733	DUAL-A
let	let	0.733	DUAL-A
ten	ten	0.733	DUAL-A
org	org	0.733	DUAL-A
mid	mid	0.733	DUAL-A
bit	bit	0.733	DUAL-A
web	web	0.733	DUAL-A
wing	wing	0.733	DUAL-A
met	met	0.733	DUAL-A
del	del	0.733	DUAL-A
boy	boy	0.733	DUAL-A
net	net	0.733	DUAL-A
des	des	0.733	DUAL-A
dec	dec	0.733	DUAL-A
can	can	0.730	DUAL-A
back	back	0.730	DUAL-A
man	man	0.730	DUAL-A
san	san	0.730	DUAL-A
act	act	0.730	DUAL-A
bad	bad	0.730	DUAL-A
afd	afd	0.730	DUAL-A
pre	pre	0.730	DUAL-A
ran	ran	0.730	DUAL-A
defense	defensa	0.730	DUAL-A
world	world	0.729	DUAL-A
friends	friends	0.728	DUAL-A
mind	mind	0.728	DUAL-A
scott	scott	0.728	DUAL-A
green	green	0.725	DUAL-A
speed	speed	0.725	DUAL-A
creek	creek	0.725	DUAL-A
show	show	0.725	DUAL-A
low	low	0.725	DUAL-A
support	soporte	0.724	DUAL-A
comment	comenta	0.715	DUAL-A
post	poste	0.714	DUAL-A
notes	notes	0.714	DUAL-A
stone	stone	0.714	DUAL-A
dec	dic	0.713	DUAL-A
force	force	0.713	DUAL-A
border	borde	0.713	DUAL-A
round	round	0.711	DUAL-A
brown	brown	0.711	DUAL-A
sound	sound	0.711	DUAL-A
may	may	0.710	DUAL-A
day	day	0.710	DUAL-A
way	way	0.710	DUAL-A
say	say	0.710	DUAL-A
bay	bay	0.710	DUAL-A
coast	costa	0.708	DUAL-A
notes	notas	0.708	DUAL-A
local	local	0.708	DUAL-A
roman	roman	0.708	DUAL-A
roman	román	0.708	DUAL-A
looks	looks	0.707	DUAL-A
report	reportar	0.706	DUAL-A
standard	standard	0.704	DUAL-A
important	importante	0.704	DUAL-A
martin	martín	0.701	DUAL-A
martin	martin	0.701	DUAL-A
not	not	0.700	DUAL-A
don	don	0.700	DUAL-A
com	com	0.700	DUAL-A
non	non	0.700	DUAL-A
top	top	0.700	DUAL-A
rock	rock	0.700	DUAL-A
got	got	0.700	DUAL-A
lot	lot	0.700	DUAL-A
shot	shot	0.700	DUAL-A
pop	pop	0.700	DUAL-A
tom	tom	0.700	DUAL-A
kong	kong	0.700	DUAL-A
consensus	consenso	0.700	DUAL-A
hard	hard	0.700	DUAL-A
massachusetts	massachusetts	0.699	DUAL-A
class	clases	0.698	DUAL-A
parts	partes	0.696	DUAL-A
faith	fe	0.696	DUAL-A
faith	fé	0.696	DUAL-A
comments	comenta	0.696	DUAL-A
projects	projects	0.695	DUAL-A
press	prensa	0.694	DUAL-A
comment	comenten	0.693	DUAL-A
referee	referí	0.693	DUAL-A
hand	hand	0.692	DUAL-A
sports	deportes	0.692	DUAL-A
march	marcha	0.691	DUAL-A
war	war	0.690	DUAL-A
cup	cup	0.690	DUAL-A
run	run	0.690	DUAL-A
sun	sun	0.690	DUAL-A
cut	cut	0.690	DUAL-A
state	state	0.690	DUAL-A
market	market	0.689	DUAL-A
important	importantes	0.689	DUAL-A
front	frente	0.688	DUAL-A
mass	mass	0.688	DUAL-A
train	trenes	0.688	DUAL-A
direct	direct	0.688	DUAL-A
text	texto	0.687	DUAL-A
lists	listas	0.687	DUAL-A
champion	champion	0.687	DUAL-A
texas	texas	0.687	DUAL-A
system	system	0.686	DUAL-A
boston	boston	0.686	DUAL-A
cricket	críquet	0.686	DUAL-A
cricket	cricket	0.686	DUAL-A
plant	planta	0.686	DUAL-A
try	tratar	0.686	DUAL-A
marine	marine	0.685	DUAL-A
numerous	numerosos	0.685	DUAL-A
hold	hold	0.685	DUAL-A
host	host	0.685	DUAL-A
brazil	brasil	0.684	DUAL-A
focus	focus	0.683	DUAL-A
coast	costas	0.683	DUAL-A
total	total	0.682	DUAL-A
port	oporto	0.680	DUAL-A
marine	marino	0.680	DUAL-A
marine	marina	0.680	DUAL-A
institute	institute	0.680	DUAL-A
force	forzar	0.679	DUAL-A
duke	ducado	0.678	DUAL-A
memorial	memorial	0.678	DUAL-A
diff	diff	0.678	DUAL-A
institute	instituto	0.676	DUAL-A
troops	tropas	0.676	DUAL-A
census	censos	0.675	DUAL-A
tour	tour	0.674	DUAL-A
beyond	beyond	0.673	DUAL-A
christian	cristian	0.672	DUAL-A
christian	cristián	0.672	DUAL-A
question	cuestión	0.672	DUAL-A
territory	territorio	0.671	DUAL-A
forces	forces	0.671	DUAL-A
square	square	0.671	DUAL-A
numerous	numerosas	0.671	DUAL-A
word	word	0.668	DUAL-A
western	western	0.668	DUAL-A
march	marchen	0.667	DUAL-A
construction	construcción	0.666	DUAL-A
construction	construccion	0.666	DUAL-A
shows	shows	0.666	DUAL-A
greek	griega	0.665	DUAL-A
greek	griego	0.665	DUAL-A
francisco	francisco	0.665	DUAL-A
plant	plantas	0.665	DUAL-A
baseball	béisbol	0.665	DUAL-A
campus	campus	0.665	DUAL-A
congress	congresos	0.664	DUAL-A
brazil	brazil	0.664	DUAL-A
practice	practicas	0.663	DUAL-A
richard	richard	0.663	DUAL-A
forward	forward	0.663	DUAL-A
control	controlar	0.663	DUAL-A
said	said	0.663	DUAL-A
paul	paul	0.663	DUAL-A
social	social	0.663	DUAL-A
need	need	0.663	DUAL-A
week	week	0.663	DUAL-A
feel	feel	0.663	DUAL-A
president	president	0.662	DUAL-A
network	network	0.662	DUAL-A
industry	industria	0.662	DUAL-A
windows	windows	0.661	DUAL-A
mexico	méxico	0.661	DUAL-A
studio	studio	0.660	DUAL-A
golden	golden	0.660	DUAL-A
marine	marinos	0.660	DUAL-A
marine	marinas	0.660	DUAL-A
independent	independent	0.660	DUAL-A
forced	forzar	0.659	DUAL-A
project	project	0.659	DUAL-A
complex	complejas	0.658	DUAL-A
complex	complejos	0.658	DUAL-A
york	york	0.658	DUAL-A
very	very	0.658	DUAL-A
think	think	0.658	DUAL-A
smith	smith	0.658	DUAL-A
dead	dead	0.657	DUAL-A
unit	unit	0.657	DUAL-A
channel	channel	0.657	DUAL-A
real	real	0.656	DUAL-A
note	note	0.655	DUAL-A
team	team	0.655	DUAL-A
league	liga	0.655	DUAL-A
east	east	0.655	DUAL-A
mean	mean	0.655	DUAL-A
deal	deal	0.655	DUAL-A
seat	seat	0.655	DUAL-A
mass	masas	0.653	DUAL-A
grand	gran	0.653	DUAL-A
crew	crew	0.652	DUAL-A
down	down	0.651	DUAL-A
bass	bass	0.651	DUAL-A
events	eventos	0.650	DUAL-A
points	puntos	0.650	DUAL-A
sport	deporte	0.649	DUAL-A
california	california	0.649	DUAL-A
oxford	oxford	0.649	DUAL-A
stars	stars	0.649	DUAL-A
special	special	0.649	DUAL-A
story	historia	0.648	DUAL-A
districts	distritos	0.648	DUAL-A
against	against	0.648	DUAL-A
note	nota	0.647	DUAL-A
greek	griegos	0.647	DUAL-A
central	central	0.647	DUAL-A
photo	photo	0.647	DUAL-A
photo	foto	0.647	DUAL-A
status	status	0.647	DUAL-A
heart	heart	0.646	DUAL-A
front	frontal	0.646	DUAL-A
victory	victory	0.646	DUAL-A
pakistan	pakistán	0.646	DUAL-A
films	films	0.645	DUAL-A
paris	paris	0.645	DUAL-A
paris	parís	0.645	DUAL-A
admin	admin	0.645	DUAL-A
latin	latin	0.645	DUAL-A
latin	latín	0.645	DUAL-A
coming	coming	0.645	DUAL-A
scottish	scottish	0.644	DUAL-A
goes	goes	0.640	DUAL-A
part	parte	0.640	DUAL-A
park	parque	0.640	DUAL-A
arts	artes	0.640	DUAL-A
soon	soon	0.640	DUAL-A
students	estudiantes	0.639	DUAL-A
previous	previos	0.639	DUAL-A
turn	turn	0.638	DUAL-A
drama	drama	0.638	DUAL-A
products	productos	0.638	DUAL-A
queen	queen	0.637	DUAL-A
peter	peter	0.637	DUAL-A
cost	coste	0.636	DUAL-A
still	still	0.635	DUAL-A
living	living	0.635	DUAL-A
class	clase	0.634	DUAL-A
mark	marca	0.634	DUAL-A
sports	deporte	0.634	DUAL-A
sport	deportes	0.634	DUAL-A
body	body	0.633	DUAL-A
present	presente	0.633	DUAL-A
party	party	0.633	DUAL-A
festival	festival	0.632	DUAL-A
mass	misas	0.631	DUAL-A
league	ligas	0.631	DUAL-A
importance	importancia	0.630	DUAL-A
list	lista	0.630	DUAL-A
form	forma	0.630	DUAL-A
rest	resto	0.630	DUAL-A
cost	costo	0.630	DUAL-A
projects	proyectos	0.630	DUAL-A
power	power	0.630	DUAL-A
code	code	0.628	DUAL-A
company	companía	0.628	DUAL-A
attention	atencion	0.628	DUAL-A
band	banda	0.628	DUAL-A
must	mosto	0.628	DUAL-A
plan	plano	0.628	DUAL-A
camp	campo	0.628	DUAL-A
complete	completa	0.628	DUAL-A
complete	completo	0.628	DUAL-A
performance	performance	0.628	DUAL-A
focus	foco	0.628	DUAL-A
contract	contractual	0.627	DUAL-A
championship	championship	0.626	DUAL-A
cross	cruz	0.626	DUAL-A
program	programa	0.626	DUAL-A
mark	marcar	0.626	DUAL-A
quality	quality	0.625	DUAL-A
talk	talk	0.625	DUAL-A
numerous	numerosa	0.624	DUAL-A
numerous	numeroso	0.624	DUAL-A
music	music	0.623	DUAL-A
global	globales	0.623	DUAL-A
six	seis	0.622	DUAL-A
stories	historias	0.622	DUAL-A
piano	piano	0.622	DUAL-A
level	level	0.621	DUAL-A
seven	seven	0.621	DUAL-A
nothing	nothing	0.621	DUAL-A
early	early	0.621	DUAL-A
leader	lider	0.621	DUAL-A
leader	líder	0.621	DUAL-A
basic	basic	0.620	DUAL-A
legal	legal	0.620	DUAL-A
park	parques	0.619	DUAL-A
rugby	rugby	0.619	DUAL-A
goals	goles	0.619	DUAL-A
victoria	victoria	0.619	DUAL-A
debut	debut	0.619	DUAL-A
basketball	básquetbol	0.618	DUAL-A
better	better	0.618	DUAL-A
congress	congreso	0.617	DUAL-A
language	lengua	0.617	DUAL-A
football	fútbol	0.616	DUAL-A
football	futbol	0.616	DUAL-A
block	bloque	0.616	DUAL-A
course	curso	0.616	DUAL-A
you	tu	0.616	DUAL-A
you	tú	0.616	DUAL-A
create	crea	0.616	DUAL-A
november	noviembre	0.615	DUAL-A
complete	completas	0.615	DUAL-A
mark	marcos	0.614	DUAL-A
century	century	0.614	DUAL-A
thomas	tomás	0.614	DUAL-A
thomas	thomas	0.614	DUAL-A
thomas	tomas	0.614	DUAL-A
key	key	0.613	DUAL-A
september	septiembre	0.613	DUAL-A
complete	completar	0.613	DUAL-A
champions	champions	0.612	DUAL-A
police	policías	0.612	DUAL-A
sister	sister	0.612	DUAL-A
process	procesos	0.612	DUAL-A
forced	forzado	0.612	DUAL-A
forced	forzada	0.612	DUAL-A
royal	real	0.611	DUAL-A
master	master	0.611	DUAL-A
master	máster	0.611	DUAL-A
program	programar	0.610	DUAL-A
great	gran	0.610	DUAL-A
light	light	0.610	DUAL-A
night	night	0.610	DUAL-A
fight	fight	0.610	DUAL-A
rural	rural	0.610	DUAL-A
metal	metal	0.610	DUAL-A
practice	practica	0.609	DUAL-A
practice	práctica	0.609	DUAL-A
bishop	bishop	0.609	DUAL-A
district	distrito	0.609	DUAL-A
squadron	escuadrón	0.608	DUAL-A
david	david	0.608	DUAL-A
mount	monte	0.607	DUAL-A
record	récord	0.607	DUAL-A
edward	edward	0.607	DUAL-A
programs	programas	0.607	DUAL-A
hit	hit	0.606	DUAL-A
complex	compleja	0.606	DUAL-A
complex	complejo	0.606	DUAL-A
paper	paper	0.606	DUAL-A
senior	senior	0.605	DUAL-A
creation	creación	0.605	DUAL-A
union	union	0.605	DUAL-A
union	unión	0.605	DUAL-A
trying	tratando	0.605	DUAL-A
source	source	0.604	DUAL-A
much	mucho	0.604	DUAL-A
mary	maría	0.604	DUAL-A
texas	tejas	0.604	DUAL-A
small	small	0.603	DUAL-A
round	ronda	0.602	DUAL-A
saint	santo	0.602	DUAL-A
saint	santa	0.602	DUAL-A
census	censo	0.601	DUAL-A
months	meses	0.601	DUAL-A
parliament	parlamento	0.601	DUAL-A
forced	forzados	0.601	DUAL-A
prior	prior	0.601	DUAL-A
wikipedia	wikipedia	0.601	DUAL-A
centre	centre	0.601	DUAL-A
forms	formas	0.601	DUAL-A
contract	contractuales	0.600	DUAL-A
port	puerto	0.599	DUAL-B
troops	tropa	0.599	DUAL-B
primary	primario	0.598	DUAL-B
primary	primaria	0.598	DUAL-B
construction	construcciones	0.598	DUAL-B
around	around	0.598	DUAL-B
discussion	discusión	0.598	DUAL-B
single	single	0.597	DUAL-B
temple	temple	0.597	DUAL-B
simple	simple	0.597	DUAL-B
style	style	0.597	DUAL-B
prime	prime	0.597	DUAL-B
languages	lenguas	0.597	DUAL-B
stadium	stadium	0.597	DUAL-B
contract	contrato	0.597	DUAL-B
frank	franco	0.596	DUAL-B
practice	practicar	0.596	DUAL-B
racing	racing	0.596	DUAL-B
prince	prince	0.596	DUAL-B
center	centro	0.595	DUAL-B
centre	centro	0.595	DUAL-B
today	today	0.595	DUAL-B
final	final	0.595	DUAL-B
china	china	0.595	DUAL-B
naval	naval	0.595	DUAL-B
create	crear	0.595	DUAL-B
running	running	0.595	DUAL-B
english	inglés	0.595	DUAL-B
english	ingles	0.595	DUAL-B
fort	fuerte	0.595	DUAL-B
add	add	0.595	DUAL-B
product	producto	0.594	DUAL-B
april	april	0.594	DUAL-B
label	label	0.594	DUAL-B
france	france	0.594	DUAL-B
olympic	olympic	0.594	DUAL-B
created	creó	0.594	DUAL-B
mission	mision	0.593	DUAL-B
mission	misión	0.593	DUAL-B
temple	templo	0.593	DUAL-B
systems	systems	0.592	DUAL-B
clear	claro	0.592	DUAL-B
described	descrita	0.592	DUAL-B
member	miembro	0.592	DUAL-B
event	evento	0.592	DUAL-B
point	punta	0.592	DUAL-B
point	punto	0.592	DUAL-B
christian	cristiano	0.592	DUAL-B
christian	cristiana	0.592	DUAL-B
prior	previa	0.592	DUAL-B
royal	royal	0.592	DUAL-B
mexico	méjico	0.591	DUAL-B
mexico	mexico	0.591	DUAL-B
president	presidente	0.591	DUAL-B
student	estudiante	0.591	DUAL-B
secretary	secretaría	0.591	DUAL-B
student	estudiantes	0.590	DUAL-B
administration	administración	0.590	DUAL-B
common	común	0.589	DUAL-B
primary	primarias	0.589	DUAL-B
primary	primarios	0.589	DUAL-B
resolution	resolución	0.589	DUAL-B
roman	romana	0.589	DUAL-B
roman	romano	0.589	DUAL-B
project	proyecto	0.589	DUAL-B
president	presidenta	0.588	DUAL-B
format	formato	0.588	DUAL-B
cultural	cultural	0.587	DUAL-B
place	place	0.587	DUAL-B
space	space	0.587	DUAL-B
paper	papel	0.587	DUAL-B
reported	reportado	0.587	DUAL-B
drive	drive	0.587	DUAL-B
questions	cuestiones	0.587	DUAL-B
cross	cruce	0.586	DUAL-B
robert	robert	0.586	DUAL-B
language	lenguaje	0.586	DUAL-B
port	puertos	0.585	DUAL-B
proposed	proponía	0.585	DUAL-B
independent	independiente	0.585	DUAL-B
police	police	0.584	DUAL-B
create	crean	0.584	DUAL-B
mount	montar	0.584	DUAL-B
attendance	asistentes	0.584	DUAL-B
simple	simples	0.584	DUAL-B
off	off	0.584	DUAL-B
supported	soportado	0.583	DUAL-B
complete	completado	0.583	DUAL-B
actress	actriz	0.583	DUAL-B
christian	cristianos	0.583	DUAL-B
significant	significante	0.583	DUAL-B
frank	francos	0.583	DUAL-B
henry	enrique	0.583	DUAL-B
train	entreno	0.582	DUAL-B
please	please	0.582	DUAL-B
grade	grado	0.582	DUAL-B
section	seccion	0.581	DUAL-B
section	sección	0.581	DUAL-B
fiction	ficción	0.581	DUAL-B
mention	mención	0.581	DUAL-B
brother	brother	0.581	DUAL-B
reading	reading	0.581	DUAL-B
local	locales	0.580	DUAL-B
player	player	0.580	DUAL-B
musical	musical	0.580	DUAL-B
foreign	foreign	0.580	DUAL-B
mission	mission	0.580	DUAL-B
temple	templos	0.580	DUAL-B
bit	bits	0.580	DUAL-B
system	sistema	0.579	DUAL-B
sites	sitios	0.579	DUAL-B
gallery	galería	0.579	DUAL-B
comments	comentarios	0.578	DUAL-B
simply	simplemente	0.578	DUAL-B
internet	internet	0.578	DUAL-B
project	proyectar	0.578	DUAL-B
command	comando	0.578	DUAL-B
singles	singles	0.578	DUAL-B
independent	independientes	0.577	DUAL-B
florida	florida	0.577	DUAL-B
block	bloqueo	0.577	DUAL-B
described	descrito	0.577	DUAL-B
france	francia	0.577	DUAL-B
limited	limited	0.577	DUAL-B
parts	piezas	0.576	DUAL-B
professional	profesional	0.576	DUAL-B
roman	romanos	0.576	DUAL-B
direct	directa	0.576	DUAL-B
direct	directo	0.576	DUAL-B
eastern	eastern	0.576	DUAL-B
master	maestro	0.576	DUAL-B
capital	capital	0.575	DUAL-B
founded	fundó	0.574	DUAL-B
founded	funda	0.574	DUAL-B
groups	agrupa	0.574	DUAL-B
foundation	fundación	0.574	DUAL-B
clubs	clubes	0.574	DUAL-B
michael	miguel	0.574	DUAL-B
common	common	0.574	DUAL-B
previous	previo	0.574	DUAL-B
captain	capitán	0.574	DUAL-B
captain	capitan	0.574	DUAL-B
bass	bajos	0.574	DUAL-B
minister	ministro	0.574	DUAL-B
minister	ministra	0.574	DUAL-B
corporation	corporación	0.574	DUAL-B
sports	deportivo	0.574	DUAL-B
michigan	michigan	0.574	DUAL-B
michigan	míchigan	0.574	DUAL-B
london	londres	0.574	DUAL-B
hong	hong	0.573	DUAL-B
hot	hot	0.573	DUAL-B
presented	presentado	0.573	DUAL-B
presented	presentada	0.573	DUAL-B
department	departamento	0.573	DUAL-B
competition	competición	0.573	DUAL-B
php	php	0.573	DUAL-B
songs	songs	0.573	DUAL-B
iran	iran	0.573	DUAL-B
iran	irán	0.573	DUAL-B
nation	nación	0.573	DUAL-B
nation	nacion	0.573	DUAL-B
christian	christian	0.572	DUAL-B
academy	academy	0.572	DUAL-B
members	miembros	0.572	DUAL-B
reason	razón	0.571	DUAL-B
reason	razon	0.571	DUAL-B
group	agrupar	0.571	DUAL-B
northern	northern	0.571	DUAL-B
per	per	0.571	DUAL-B
production	produccion	0.570	DUAL-B
production	producción	0.570	DUAL-B
famous	famosos	0.570	DUAL-B
southern	southern	0.570	DUAL-B
prior	previo	0.569	DUAL-B
described	descritos	0.569	DUAL-B
traditional	tradicional	0.569	DUAL-B
chinese	chino	0.569	DUAL-B
professional	professional	0.569	DUAL-B
completed	completada	0.569	DUAL-B
completed	completado	0.569	DUAL-B
britain	britania	0.569	DUAL-B
yes	yes	0.569	DUAL-B
rev	rev	0.569	DUAL-B
thing	thing	0.569	DUAL-B
star	estelar	0.569	DUAL-B
train	entrenar	0.568	DUAL-B
police	policia	0.568	DUAL-B
not	no	0.568	DUAL-B
federal	federal	0.567	DUAL-B
swedish	suecia	0.567	DUAL-B
presented	presentados	0.566	DUAL-B
lead	liderar	0.566	DUAL-B
total	totales	0.566	DUAL-B
million	millón	0.566	DUAL-B
million	millon	0.566	DUAL-B
artists	artistas	0.566	DUAL-B
except	excepto	0.566	DUAL-B
producer	productores	0.566	DUAL-B
list	listado	0.566	DUAL-B
results	resultados	0.565	DUAL-B
van	van	0.565	DUAL-B
studio	estudio	0.565	DUAL-B
professor	profesor	0.565	DUAL-B
chinese	chinos	0.565	DUAL-B
direct	directos	0.565	DUAL-B
direct	directas	0.565	DUAL-B
united	united	0.565	DUAL-B
assistant	asistente	0.565	DUAL-B
mountains	montes	0.565	DUAL-B
technical	tecnica	0.565	DUAL-B
technical	técnica	0.565	DUAL-B
august	august	0.564	DUAL-B
promoted	promovido	0.564	DUAL-B
continue	continúe	0.564	DUAL-B
technical	técnico	0.564	DUAL-B
national	nacional	0.564	DUAL-B
poland	polonia	0.564	DUAL-B
william	william	0.564	DUAL-B
stage	stage	0.564	DUAL-B
corporation	corporation	0.564	DUAL-B
just	just	0.564	DUAL-B
recent	reciente	0.563	DUAL-B
see	see	0.563	DUAL-B
lee	lee	0.563	DUAL-B
air	air	0.563	DUAL-B
law	ley	0.563	DUAL-B
represented	representado	0.563	DUAL-B
represented	representada	0.563	DUAL-B
producer	productoras	0.563	DUAL-B
block	bloquear	0.563	DUAL-B
press	presione	0.563	DUAL-B
systems	sistemas	0.563	DUAL-B
director	director	0.562	DUAL-B
kingdom	kingdom	0.562	DUAL-B
minutes	minutos	0.562	DUAL-B
completed	completadas	0.562	DUAL-B
completed	completados	0.562	DUAL-B
columbia	colombia	0.562	DUAL-B
noted	notado	0.562	DUAL-B
places	plazas	0.562	DUAL-B
comment	comentar	0.562	DUAL-B
out	out	0.561	DUAL-B
now	now	0.561	DUAL-B
day	dia	0.561	DUAL-B
include	incluir	0.561	DUAL-B
hotel	hotel	0.561	DUAL-B
entertainment	entretenimiento	0.561	DUAL-B
personal	personal	0.561	DUAL-B
money	money	0.561	DUAL-B
bridge	bridge	0.561	DUAL-B
brothers	brothers	0.561	DUAL-B
famous	famosas	0.561	DUAL-B
continue	continúa	0.561	DUAL-B
company	compañía	0.560	DUAL-B
campaign	campaña	0.560	DUAL-B
success	exitos	0.559	DUAL-B
success	éxitos	0.559	DUAL-B
republic	republic	0.559	DUAL-B
structure	estructura	0.559	DUAL-B
entry	entrada	0.559	DUAL-B
different	diferente	0.559	DUAL-B
art	arte	0.559	DUAL-B
listed	listado	0.559	DUAL-B
formed	formado	0.559	DUAL-B
formed	formada	0.559	DUAL-B
contains	contiene	0.559	DUAL-B
critical	critica	0.558	DUAL-B
critical	crítica	0.558	DUAL-B
critical	crítico	0.558	DUAL-B
process	proceso	0.558	DUAL-B
round	redonda	0.558	DUAL-B
round	redondo	0.558	DUAL-B
into	into	0.558	DUAL-B
special	especial	0.558	DUAL-B
commission	comisión	0.557	DUAL-B
commission	comision	0.557	DUAL-B
future	future	0.557	DUAL-B
represented	representados	0.557	DUAL-B
represented	representadas	0.557	DUAL-B
profile	perfil	0.557	DUAL-B
electric	electrico	0.557	DUAL-B
electric	eléctrica	0.557	DUAL-B
electric	eléctrico	0.557	DUAL-B
electric	electrica	0.557	DUAL-B
hospital	hospital	0.557	DUAL-B
code	codigo	0.557	DUAL-B
code	código	0.557	DUAL-B
experience	experiencias	0.556	DUAL-B
prize	premio	0.556	DUAL-B
multiple	múltiple	0.556	DUAL-B
mount	montura	0.556	DUAL-B
social	sociales	0.556	DUAL-B
nation	nation	0.556	DUAL-B
days	days	0.555	DUAL-B
groups	agrupaciones	0.555	DUAL-B
accounts	cuentas	0.555	DUAL-B
material	material	0.555	DUAL-B
company	compañia	0.555	DUAL-B
recent	recientes	0.555	DUAL-B
current	corriente	0.554	DUAL-B
technical	técnicos	0.554	DUAL-B
where	where	0.554	DUAL-B
use	uso	0.554	DUAL-B
future	futuro	0.553	DUAL-B
future	futura	0.553	DUAL-B
character	carácter	0.553	DUAL-B
character	caracter	0.553	DUAL-B
continued	continuo	0.553	DUAL-B
continued	continuó	0.553	DUAL-B
parents	padres	0.553	DUAL-B
festival	festivales	0.552	DUAL-B
assembly	asamblea	0.552	DUAL-B
proposed	propuso	0.552	DUAL-B
status	estatus	0.552	DUAL-B
more	más	0.552	DUAL-B
more	mas	0.552	DUAL-B
collection	colección	0.552	DUAL-B
collection	coleccion	0.552	DUAL-B
structures	estructuras	0.552	DUAL-B
concept	concepto	0.552	DUAL-B
include	incluye	0.552	DUAL-B
away	away	0.551	DUAL-B
some	some	0.551	DUAL-B
east	este	0.551	DUAL-B
pass	pase	0.551	DUAL-B
forest	forestal	0.551	DUAL-B
bar	barra	0.551	DUAL-B
car	carro	0.551	DUAL-B
central	centrales	0.551	DUAL-B
campaign	campañas	0.551	DUAL-B
saint	san	0.551	DUAL-B
different	diferentes	0.551	DUAL-B
representatives	representantes	0.551	DUAL-B
junior	júnior	0.551	DUAL-B
junior	junior	0.551	DUAL-B
sir	sir	0.551	DUAL-B
natural	natural	0.551	DUAL-B
problem	problema	0.550	DUAL-B
office	office	0.550	DUAL-B
formed	formadas	0.550	DUAL-B
formed	formados	0.550	DUAL-B
created	creado	0.550	DUAL-B
created	creada	0.550	DUAL-B
position	posicion	0.550	DUAL-B
position	posición	0.550	DUAL-B
due	due	0.550	DUAL-B
provides	provee	0.550	DUAL-B
notable	notable	0.550	DUAL-B
descent	descenso	0.550	DUAL-B
round	redondos	0.549	DUAL-B
national	national	0.549	DUAL-B
police	policía	0.549	DUAL-B
magazine	magazine	0.549	DUAL-B
french	francés	0.548	DUAL-B
squadron	escuadra	0.548	DUAL-B
code	códigos	0.548	DUAL-B
multiple	múltiples	0.548	DUAL-B
multiple	multiples	0.548	DUAL-B
swedish	sueco	0.548	DUAL-B
swedish	sueca	0.548	DUAL-B
standard	estándar	0.548	DUAL-B
standard	estandar	0.548	DUAL-B
young	young	0.548	DUAL-B
region	region	0.548	DUAL-B
region	región	0.548	DUAL-B
companies	compañías	0.548	DUAL-B
faculty	facultad	0.547	DUAL-B
administrative	administrativa	0.547	DUAL-B
administrative	administrativo	0.547	DUAL-B
critical	críticos	0.547	DUAL-B
include	incluya	0.547	DUAL-B
female	femenino	0.547	DUAL-B
columbia	columbia	0.547	DUAL-B
cross	cruzado	0.547	DUAL-B
process	procesar	0.547	DUAL-B
washington	washington	0.547	DUAL-B
completely	completamente	0.546	DUAL-B
net	neto	0.546	DUAL-B
net	neta	0.546	DUAL-B
include	incluyen	0.546	DUAL-B
sun	sol	0.546	DUAL-B
johnson	johnson	0.546	DUAL-B
external	externa	0.545	DUAL-B
second	segunda	0.545	DUAL-B
second	segundo	0.545	DUAL-B
quality	cualidad	0.545	DUAL-B
head	head	0.545	DUAL-B
external	externo	0.545	DUAL-B
september	setiembre	0.545	DUAL-B
location	localización	0.544	DUAL-B
december	diciembre	0.544	DUAL-B
cup	copa	0.544	DUAL-B
act	acta	0.544	DUAL-B
act	acto	0.544	DUAL-B
pass	paso	0.544	DUAL-B
pass	pasa	0.544	DUAL-B
map	mapa	0.544	DUAL-B
mass	masa	0.544	DUAL-B
response	respuesta	0.544	DUAL-B
station	estacion	0.543	DUAL-B
station	estación	0.543	DUAL-B
arts	arte	0.543	DUAL-B
bar	bares	0.543	DUAL-B
problem	problemas	0.543	DUAL-B
isbn	isbn	0.543	DUAL-B
includes	incluye	0.543	DUAL-B
half	half	0.543	DUAL-B
administrative	administrativos	0.543	DUAL-B
administrative	administrativas	0.543	DUAL-B
companies	compañias	0.543	DUAL-B
property	propiedad	0.543	DUAL-B
created	creados	0.543	DUAL-B
created	creadas	0.543	DUAL-B
notable	notables	0.542	DUAL-B
include	incluyan	0.542	DUAL-B
society	society	0.542	DUAL-B
professor	profesora	0.541	DUAL-B
provide	proveer	0.541	DUAL-B
promoted	promocionada	0.541	DUAL-B
promoted	promocionado	0.541	DUAL-B
swedish	suecos	0.541	DUAL-B
contemporary	contemporáneo	0.541	DUAL-B
contemporary	contemporánea	0.541	DUAL-B
commander	comandante	0.541	DUAL-B
than	than	0.540	DUAL-B
faith	faith	0.540	DUAL-B
continue	continuar	0.540	DUAL-B
states	estados	0.540	DUAL-B
politics	políticos	0.540	DUAL-B
politics	politicas	0.540	DUAL-B
politics	políticas	0.540	DUAL-B
commercial	comercial	0.539	DUAL-B
party	parte	0.539	DUAL-B
financial	financial	0.539	DUAL-B
problems	problemas	0.539	DUAL-B
will	will	0.539	DUAL-B
full	full	0.539	DUAL-B
bill	bill	0.539	DUAL-B
director	directora	0.539	DUAL-B
racing	regatas	0.539	DUAL-B
prize	premiado	0.539	DUAL-B
division	division	0.539	DUAL-B
division	división	0.539	DUAL-B
community	comunidad	0.538	DUAL-B
second	segundos	0.538	DUAL-B
second	segundas	0.538	DUAL-B
province	provincia	0.538	DUAL-B
prince	principe	0.537	DUAL-B
prince	príncipe	0.537	DUAL-B
champion	campeón	0.537	DUAL-B
champion	campeon	0.537	DUAL-B
days	dias	0.537	DUAL-B
mountain	montaña	0.537	DUAL-B
need	necesidad	0.537	DUAL-B
today	hoy	0.537	DUAL-B
secretary	secretaria	0.537	DUAL-B
secretary	secretario	0.537	DUAL-B
australia	australia	0.537	DUAL-B
contemporary	contemporáneas	0.537	DUAL-B
contemporary	contemporáneos	0.537	DUAL-B
love	love	0.537	DUAL-B
nations	naciones	0.536	DUAL-B
reference	referencia	0.536	DUAL-B
external	externos	0.536	DUAL-B
move	mudanza	0.536	DUAL-B
von	von	0.536	DUAL-B
different	distinta	0.536	DUAL-B
different	distinto	0.536	DUAL-B
month	mes	0.535	DUAL-B
day	día	0.535	DUAL-B
pennsylvania	pensilvania	0.535	DUAL-B
proposed	propuesto	0.535	DUAL-B
proposed	propuesta	0.535	DUAL-B
michael	michael	0.535	DUAL-B
decision	decision	0.535	DUAL-B
decision	decisión	0.535	DUAL-B
use	usar	0.535	DUAL-B
included	incluida	0.534	DUAL-B
included	incluído	0.534	DUAL-B
included	incluido	0.534	DUAL-B
emperor	emperador	0.534	DUAL-B
africa	africa	0.534	DUAL-B
africa	áfrica	0.534	DUAL-B
irish	irish	0.534	DUAL-B
semi	semi	0.534	DUAL-B
soviet	soviética	0.534	DUAL-B
founded	fundado	0.533	DUAL-B
founded	fundada	0.533	DUAL-B
statistics	estadísticas	0.533	DUAL-B
forest	forestales	0.533	DUAL-B
soviet	soviético	0.533	DUAL-B
too	too	0.533	DUAL-B
fair	feria	0.533	DUAL-B
https	https	0.533	DUAL-B
corps	corps	0.533	DUAL-B
net	netos	0.533	DUAL-B
after	after	0.533	DUAL-B
mother	madre	0.533	DUAL-B
cut	corte	0.533	DUAL-B
letter	letra	0.533	DUAL-B
alone	alone	0.533	DUAL-B
majority	mayoría	0.532	DUAL-B
establishments	establecimientos	0.532	DUAL-B
tournament	torneo	0.532	DUAL-B
movement	movimiento	0.532	DUAL-B
comment	comentario	0.532	DUAL-B
over	over	0.532	DUAL-B
units	unidades	0.532	DUAL-B
taking	teniendo	0.532	DUAL-B
democratic	democrática	0.532	DUAL-B
democratic	democrático	0.532	DUAL-B
great	grandioso	0.532	DUAL-B
anti	anti	0.531	DUAL-B
mountain	montañas	0.531	DUAL-B
uses	usos	0.531	DUAL-B
map	mapas	0.531	DUAL-B
passed	pasó	0.531	DUAL-B
founder	fundador	0.531	DUAL-B
french	franceses	0.530	DUAL-B
drama	dramática	0.530	DUAL-B
drama	dramático	0.530	DUAL-B
india	india	0.530	DUAL-B
rev	reverendo	0.530	DUAL-B
different	distintos	0.530	DUAL-B
culture	cultura	0.530	DUAL-B
route	ruta	0.529	DUAL-B
proposed	propuestas	0.529	DUAL-B
lot	lote	0.529	DUAL-B
content	contenido	0.529	DUAL-B
television	television	0.529	DUAL-B
television	televisión	0.529	DUAL-B
mass	misa	0.529	DUAL-B
contains	contenga	0.529	DUAL-B
guitar	guitarra	0.529	DUAL-B
included	incluidos	0.529	DUAL-B
included	incluidas	0.529	DUAL-B
mountains	montaña	0.529	DUAL-B
name	name	0.528	DUAL-B
make	make	0.528	DUAL-B
case	case	0.528	DUAL-B
date	date	0.528	DUAL-B
base	base	0.528	DUAL-B
digital	digital	0.528	DUAL-B
movie	movie	0.528	DUAL-B
function	función	0.528	DUAL-B
category	categoría	0.528	DUAL-B
its	sus	0.528	DUAL-B
alone	solo	0.528	DUAL-B
candidate	candidata	0.528	DUAL-B
candidate	candidato	0.528	DUAL-B
england	inglaterra	0.527	DUAL-B
education	educación	0.527	DUAL-B
education	educacion	0.527	DUAL-B
pass	pasen	0.527	DUAL-B
assembly	ensamblaje	0.527	DUAL-B
references	referencias	0.527	DUAL-B
majority	mayorías	0.527	DUAL-B
commander	comendador	0.527	DUAL-B
color	color	0.526	DUAL-B
actor	actor	0.526	DUAL-B
pass	pasar	0.526	DUAL-B
cut	corta	0.526	DUAL-B
movement	movimientos	0.526	DUAL-B
mountains	montañas	0.526	DUAL-B
democratic	democráticos	0.526	DUAL-B
register	registro	0.526	DUAL-B
comments	comentario	0.526	DUAL-B
access	access	0.526	DUAL-B
including	incluida	0.526	DUAL-B
including	incluido	0.526	DUAL-B
put	pon	0.526	DUAL-B
peace	paz	0.526	DUAL-B
council	consejo	0.525	DUAL-B
pennsylvania	pennsylvania	0.525	DUAL-B
calculated	calculada	0.525	DUAL-B
calculated	calculado	0.525	DUAL-B
secondary	secundaria	0.525	DUAL-B
secondary	secundario	0.525	DUAL-B
religion	religion	0.525	DUAL-B
religion	religión	0.525	DUAL-B
series	series	0.525	DUAL-B
private	privado	0.525	DUAL-B
private	privada	0.525	DUAL-B
attacks	ataques	0.525	DUAL-B
series	serie	0.524	DUAL-B
french	francesa	0.524	DUAL-B
regional	regional	0.524	DUAL-B
heavy	heavy	0.524	DUAL-B
characters	caracteres	0.524	DUAL-B
soviet	soviéticas	0.524	DUAL-B
content	contenidos	0.524	DUAL-B
command	comandancia	0.524	DUAL-B
latin	latino	0.524	DUAL-B
latin	latina	0.524	DUAL-B
soviet	soviéticos	0.524	DUAL-B
family	famila	0.523	DUAL-B
redirect	redirigir	0.523	DUAL-B
camp	campamento	0.523	DUAL-B
leading	liderando	0.523	DUAL-B
including	incluyendo	0.523	DUAL-B
external	exterior	0.523	DUAL-B
discussion	discusiones	0.523	DUAL-B
never	never	0.523	DUAL-B
training	entrenando	0.523	DUAL-B
security	seguridad	0.523	DUAL-B
market	mercado	0.523	DUAL-B
candidate	candidatos	0.522	DUAL-B
case	caso	0.522	DUAL-B
appropriate	apropiada	0.522	DUAL-B
appropriate	apropiado	0.522	DUAL-B
bank	banca	0.522	DUAL-B
bank	banco	0.522	DUAL-B
associated	associated	0.522	DUAL-B
ohio	ohio	0.522	DUAL-B
continued	continuado	0.522	DUAL-B
care	care	0.522	DUAL-B
rock	roca	0.521	DUAL-B
leading	liderar	0.521	DUAL-B
north	norte	0.521	DUAL-B
including	incluidos	0.521	DUAL-B
tournament	torneos	0.521	DUAL-B
cover	cover	0.521	DUAL-B
international	internacional	0.521	DUAL-B
producer	productor	0.520	DUAL-B
space	espaciales	0.520	DUAL-B
calculated	calculados	0.520	DUAL-B
private	privados	0.520	DUAL-B
private	privadas	0.520	DUAL-B
secondary	secundarios	0.520	DUAL-B
secondary	secundarias	0.520	DUAL-B
fort	fortaleza	0.520	DUAL-B
experience	experiencia	0.520	DUAL-B
html	html	0.520	DUAL-B
continued	continuación	0.520	DUAL-B
architecture	arquitectura	0.519	DUAL-B
american	american	0.519	DUAL-B
individual	individual	0.519	DUAL-B
middle	middle	0.519	DUAL-B
categories	categorías	0.519	DUAL-B
association	asociación	0.519	DUAL-B
form	formulario	0.519	DUAL-B
double	doble	0.519	DUAL-B
annual	anual	0.519	DUAL-B
votes	votos	0.518	DUAL-B
alone	solos	0.518	DUAL-B
interest	interes	0.518	DUAL-B
interest	interés	0.518	DUAL-B
camp	campamentos	0.518	DUAL-B
appropriate	apropiadas	0.518	DUAL-B
nomination	nominación	0.518	DUAL-B
democratic	demócrata	0.518	DUAL-B
professional	profesionales	0.518	DUAL-B
days	días	0.518	DUAL-B
appropriate	apropiados	0.518	DUAL-B
blocked	bloqueada	0.518	DUAL-B
blocked	bloqueado	0.518	DUAL-B
bbc	bbc	0.517	DUAL-B
attendance	asistencia	0.517	DUAL-B
regiment	regimiento	0.517	DUAL-B
australian	australiano	0.517	DUAL-B
australian	australiana	0.517	DUAL-B
peter	pedro	0.517	DUAL-B
time	time	0.516	DUAL-B
like	like	0.516	DUAL-B
life	life	0.516	DUAL-B
line	line	0.516	DUAL-B
site	site	0.516	DUAL-B
white	white	0.516	DUAL-B
type	type	0.516	DUAL-B
fine	fine	0.516	DUAL-B
nine	nine	0.516	DUAL-B
mike	mike	0.516	DUAL-B
death	death	0.516	DUAL-B
bay	bahía	0.516	DUAL-B
population	población	0.516	DUAL-B
again	again	0.516	DUAL-B
central	céntrica	0.516	DUAL-B
property	propiedades	0.516	DUAL-B
events	acontecimientos	0.516	DUAL-B
website	web	0.516	DUAL-B
central	céntrico	0.516	DUAL-B
notability	notabilidad	0.515	DUAL-B
moving	mudanza	0.515	DUAL-B
music	música	0.515	DUAL-B
music	musica	0.515	DUAL-B
cultural	cultura	0.515	DUAL-B
result	resultado	0.515	DUAL-B
latin	latinas	0.515	DUAL-B
action	acción	0.515	DUAL-B
action	accion	0.515	DUAL-B
family	familia	0.515	DUAL-B
municipality	municipalidad	0.514	DUAL-B
cases	cases	0.514	DUAL-B
cut	corten	0.514	DUAL-B
korea	corea	0.514	DUAL-B
korea	korea	0.514	DUAL-B
entire	enteras	0.514	DUAL-B
committee	comite	0.514	DUAL-B
committee	comité	0.514	DUAL-B
active	activo	0.514	DUAL-B
active	activa	0.514	DUAL-B
effect	efecto	0.514	DUAL-B
blocked	bloqueadas	0.514	DUAL-B
blocked	bloqueados	0.514	DUAL-B
photo	fotografía	0.514	DUAL-B
fine	bien	0.513	DUAL-B
analysis	analisis	0.513	DUAL-B
analysis	análisis	0.513	DUAL-B
cut	cortar	0.513	DUAL-B
dance	danza	0.513	DUAL-B
british	británicos	0.513	DUAL-B
similar	similar	0.513	DUAL-B
competition	competencia	0.513	DUAL-B
rock	rocas	0.513	DUAL-B
tom	tomás	0.513	DUAL-B
united	unió	0.513	DUAL-B
computer	computadora	0.513	DUAL-B
data	data	0.513	DUAL-B
australian	australianas	0.513	DUAL-B
australian	australianos	0.513	DUAL-B
communities	comunidades	0.512	DUAL-B
tower	torre	0.512	DUAL-B
data	dato	0.512	DUAL-B
ontario	ontario	0.512	DUAL-B
album	álbum	0.512	DUAL-B
album	album	0.512	DUAL-B
always	always	0.512	DUAL-B
cultural	culturales	0.512	DUAL-B
indian	india	0.512	DUAL-B
records	records	0.512	DUAL-B
real	reales	0.512	DUAL-B
listing	listado	0.512	DUAL-B
founder	fundadora	0.512	DUAL-B
international	international	0.511	DUAL-B
subsequent	subsiguiente	0.511	DUAL-B
indian	indio	0.511	DUAL-B
human	humano	0.511	DUAL-B
human	humana	0.511	DUAL-B
brown	marrón	0.511	DUAL-B
march	marzo	0.511	DUAL-B
descent	descendencia	0.511	DUAL-B
culture	cultivo	0.511	DUAL-B
double	dobles	0.511	DUAL-B
religious	religiosos	0.510	DUAL-B
forms	formularios	0.510	DUAL-B
founder	fundadores	0.510	DUAL-B
type	tipo	0.510	DUAL-B
fine	fino	0.510	DUAL-B
british	británico	0.510	DUAL-B
british	británica	0.510	DUAL-B
encyclopedia	enciclopedia	0.510	DUAL-B
minor	menor	0.510	DUAL-B
indian	hindú	0.509	DUAL-B
center	center	0.509	DUAL-B
historic	historico	0.509	DUAL-B
historic	histórico	0.509	DUAL-B
historic	histórica	0.509	DUAL-B
under	under	0.509	DUAL-B
move	mover	0.509	DUAL-B
topic	tópico	0.509	DUAL-B
computer	computadoras	0.509	DUAL-B
basic	básica	0.509	DUAL-B
basic	básico	0.509	DUAL-B
traditional	tradicionales	0.509	DUAL-B
artist	artista	0.509	DUAL-B
cases	casos	0.509	DUAL-B
training	entrenamiento	0.509	DUAL-B
caused	causó	0.508	DUAL-B
subsequent	subsiguientes	0.508	DUAL-B
useful	util	0.508	DUAL-B
useful	útil	0.508	DUAL-B
river	rio	0.508	DUAL-B
river	río	0.508	DUAL-B
know	know	0.508	DUAL-B
opinion	opinion	0.507	DUAL-B
opinion	opinión	0.507	DUAL-B
basic	básicas	0.507	DUAL-B
south	sur	0.507	DUAL-B
legal	legales	0.507	DUAL-B
sir	senor	0.507	DUAL-B
light	luz	0.507	DUAL-B
understand	entender	0.507	DUAL-B
active	activos	0.506	DUAL-B
amount	monto	0.506	DUAL-B
families	familias	0.506	DUAL-B
made	made	0.506	DUAL-B
preserved	preservado	0.506	DUAL-B
tower	tower	0.506	DUAL-B
little	little	0.506	DUAL-B
technology	tecnología	0.505	DUAL-B
exist	existo	0.505	DUAL-B
olympic	olímpica	0.505	DUAL-B
olympic	olímpico	0.505	DUAL-B
entered	entró	0.505	DUAL-B
produced	producido	0.505	DUAL-B
produced	producida	0.505	DUAL-B
http	http	0.505	DUAL-B
religious	religiosas	0.505	DUAL-B
data	datos	0.505	DUAL-B
family	familiar	0.505	DUAL-B
race	race	0.505	DUAL-B
face	face	0.505	DUAL-B
families	familia	0.505	DUAL-B
olympics	olimpiadas	0.505	DUAL-B
five	five	0.505	DUAL-B
cause	cause	0.505	DUAL-B
media	media	0.505	DUAL-B
mary	maria	0.504	DUAL-B
african	africana	0.504	DUAL-B
african	africano	0.504	DUAL-B
human	humanas	0.504	DUAL-B
human	humanos	0.504	DUAL-B
indian	indios	0.504	DUAL-B
run	corran	0.504	DUAL-B
significant	significativo	0.504	DUAL-B
significant	significativa	0.504	DUAL-B
attention	atención	0.504	DUAL-B
times	times	0.504	DUAL-B
lines	lines	0.504	DUAL-B
miles	miles	0.504	DUAL-B
mind	mente	0.504	DUAL-B
launched	lanzó	0.504	DUAL-B
site	sitio	0.504	DUAL-B
age	edad	0.504	DUAL-B
israel	israel	0.504	DUAL-B
radio	radio	0.503	DUAL-B
recently	recientemente	0.503	DUAL-B
canada	canadá	0.503	DUAL-B
historic	históricas	0.503	DUAL-B
historic	históricos	0.503	DUAL-B
empire	empire	0.503	DUAL-B
separate	separar	0.503	DUAL-B
producer	productora	0.503	DUAL-B
entire	entero	0.503	DUAL-B
artist	artistas	0.502	DUAL-B
basic	básicos	0.502	DUAL-B
register	registrarse	0.502	DUAL-B
produced	producidos	0.502	DUAL-B
municipality	municipio	0.502	DUAL-B
elected	electo	0.502	DUAL-B
direct	directamente	0.502	DUAL-B
civil	civil	0.502	DUAL-B
rural	rurales	0.502	DUAL-B
association	association	0.502	DUAL-B
technology	tecnologia	0.501	DUAL-B
singer	singer	0.501	DUAL-B
southern	sur	0.501	DUAL-B
follow	follow	0.501	DUAL-B
party	partido	0.501	DUAL-B
gallery	galeria	0.501	DUAL-B
significant	significativos	0.501	DUAL-B
significant	significativas	0.501	DUAL-B
episode	episodio	0.500	DUAL-B
chris	chris	0.500	DUAL-B
table	tabla	0.500	DUAL-B
previously	previamente	0.500	DUAL-B
minor	minor	0.500	DUAL-B
considered	considerada	0.500	DUAL-B
considered	considerado	0.500	DUAL-B
unit	unidad	0.500	DUAL-B
introduced	introducido	0.500	DUAL-B
introduced	introducida	0.500	DUAL-B
olympic	olímpicos	0.499	DUAL-B
understand	entiende	0.499	DUAL-B
editor	editor	0.499	DUAL-B
regular	regular	0.499	DUAL-B
famous	famosa	0.499	DUAL-B
famous	famoso	0.499	DUAL-B
african	africanos	0.499	DUAL-B
african	africanas	0.499	DUAL-B
admin	administración	0.499	DUAL-B
raised	recaudado	0.499	DUAL-B
league	league	0.498	DUAL-B
poor	pobre	0.498	DUAL-B
lake	lago	0.498	DUAL-B
race	raza	0.498	DUAL-B
cause	causa	0.498	DUAL-B
official	oficial	0.498	DUAL-B
port	babor	0.498	DUAL-B
media	medios	0.498	DUAL-B
access	accesos	0.498	DUAL-B
people	pueblo	0.498	DUAL-B
species	especies	0.498	DUAL-B
matter	materia	0.498	DUAL-B
radio	radios	0.498	DUAL-B
west	oeste	0.497	DUAL-B
april	abril	0.497	DUAL-B
physical	física	0.497	DUAL-B
directly	directamente	0.497	DUAL-B
musical	musicales	0.497	DUAL-B
exist	existen	0.497	DUAL-B
metal	metales	0.497	DUAL-B
physical	fisico	0.497	DUAL-B
physical	físico	0.497	DUAL-B
considered	considerados	0.497	DUAL-B
considered	consideradas	0.497	DUAL-B
introduced	introducidos	0.497	DUAL-B
entire	enteros	0.497	DUAL-B
located	localizada	0.497	DUAL-B
located	localizado	0.497	DUAL-B
museum	museo	0.497	DUAL-B
exist	existir	0.497	DUAL-B
website	website	0.497	DUAL-B
historical	histórica	0.496	DUAL-B
john	juan	0.496	DUAL-B
united	unida	0.496	DUAL-B
understand	entienda	0.496	DUAL-B
night	noche	0.496	DUAL-B
force	fuerza	0.496	DUAL-B
historical	historico	0.496	DUAL-B
historical	histórico	0.496	DUAL-B
fall	fall	0.496	DUAL-B
clearly	claramente	0.496	DUAL-B
pacific	pacífico	0.496	DUAL-B
pacific	pacifico	0.496	DUAL-B
command	mando	0.496	DUAL-B
public	público	0.496	DUAL-B
public	publico	0.496	DUAL-B
even	aun	0.495	DUAL-B
action	action	0.495	DUAL-B
history	historia	0.495	DUAL-B
center	centrar	0.495	DUAL-B
election	elección	0.495	DUAL-B
election	eleccion	0.495	DUAL-B
mention	mencione	0.495	DUAL-B
interest	intereses	0.495	DUAL-B
executive	executive	0.495	DUAL-B
northern	norte	0.495	DUAL-B
new	nuevo	0.495	DUAL-B
majority	mayoritaria	0.494	DUAL-B
majority	mayoritario	0.494	DUAL-B
alumni	alumnos	0.494	DUAL-B
episodes	episodios	0.494	DUAL-B
side	side	0.494	DUAL-B
wide	wide	0.494	DUAL-B
popular	popular	0.494	DUAL-B
probably	probablemente	0.494	DUAL-B
poor	pobres	0.494	DUAL-B
lake	lagos	0.494	DUAL-B
carolina	carolina	0.494	DUAL-B
career	carrera	0.493	DUAL-B
person	persona	0.493	DUAL-B
russia	rusia	0.493	DUAL-B
jan	jan	0.493	DUAL-B
jack	jack	0.493	DUAL-B
soccer	soccer	0.493	DUAL-B
account	cuenta	0.493	DUAL-B
family	familiares	0.493	DUAL-B
species	especie	0.493	DUAL-B
military	militares	0.492	DUAL-B
theory	teoría	0.492	DUAL-B
museum	museos	0.492	DUAL-B
debate	debate	0.492	DUAL-B
problem	problemática	0.492	DUAL-B
power	poder	0.491	DUAL-B
templates	plantillas	0.491	DUAL-B
night	noches	0.491	DUAL-B
historical	históricas	0.491	DUAL-B
both	ambos	0.491	DUAL-B
technology	tecnológico	0.491	DUAL-B
technology	tecnológica	0.491	DUAL-B
focus	enfoque	0.491	DUAL-B
historical	históricos	0.491	DUAL-B
mention	menciona	0.491	DUAL-B
outside	afuera	0.491	DUAL-B
turn	turno	0.491	DUAL-B
professional	profesionalidad	0.491	DUAL-B
public	públicas	0.491	DUAL-B
public	públicos	0.491	DUAL-B
final	finales	0.491	DUAL-B
naval	navales	0.491	DUAL-B
online	online	0.491	DUAL-B
provides	proporciona	0.490	DUAL-B
electric	electricidad	0.490	DUAL-B
actors	actores	0.490	DUAL-B
return	retorno	0.490	DUAL-B
february	febrero	0.490	DUAL-B
economic	económico	0.490	DUAL-B
economic	economico	0.490	DUAL-B
new	nuevos	0.490	DUAL-B
capital	capitales	0.490	DUAL-B
royal	reales	0.490	DUAL-B
sir	señor	0.490	DUAL-B
level	nivel	0.490	DUAL-B
seven	siete	0.490	DUAL-B
design	diseño	0.489	DUAL-B
physical	físicas	0.489	DUAL-B
army	armada	0.489	DUAL-B
example	ejemplo	0.489	DUAL-B
debate	debatir	0.489	DUAL-B
solid	sólido	0.489	DUAL-B
solid	sólida	0.489	DUAL-B
memorial	monumento	0.489	DUAL-B
similar	similares	0.489	DUAL-B
policy	póliza	0.489	DUAL-B
physical	físicos	0.489	DUAL-B
urban	urban	0.489	DUAL-B
inside	inside	0.489	DUAL-B
medical	medico	0.488	DUAL-B
medical	médico	0.488	DUAL-B
empire	imperio	0.488	DUAL-B
forces	fuerzas	0.488	DUAL-B
name	nombre	0.488	DUAL-B
claim	reclamo	0.488	DUAL-B
size	size	0.488	DUAL-B
problems	problemática	0.488	DUAL-B
parents	progenitores	0.488	DUAL-B
degree	grado	0.487	DUAL-B
economic	económica	0.487	DUAL-B
novel	novela	0.487	DUAL-B
style	estilo	0.487	DUAL-B
native	nativa	0.487	DUAL-B
native	nativo	0.487	DUAL-B
addition	adición	0.487	DUAL-B
time	tiempo	0.487	DUAL-B
provide	proporcionar	0.487	DUAL-B
official	official	0.487	DUAL-B
status	estado	0.487	DUAL-B
captain	capitana	0.487	DUAL-B
peace	peace	0.486	DUAL-B
serving	servir	0.486	DUAL-B
line	línea	0.486	DUAL-B
line	linea	0.486	DUAL-B
williams	williams	0.486	DUAL-B
economic	económicos	0.486	DUAL-B
ratio	ratio	0.486	DUAL-B
zealand	zelanda	0.486	DUAL-B
various	varias	0.486	DUAL-B
page	page	0.486	DUAL-B
volume	volumen	0.486	DUAL-B
background	trasfondo	0.486	DUAL-B
mentioned	mencionó	0.486	DUAL-B
catholic	católica	0.486	DUAL-B
summary	síntesis	0.485	DUAL-B
provide	proporcione	0.485	DUAL-B
various	varios	0.485	DUAL-B
solid	sólidos	0.485	DUAL-B
put	poner	0.485	DUAL-B
spain	españa	0.485	DUAL-B
europe	europa	0.485	DUAL-B
caps	gorras	0.485	DUAL-B
western	oeste	0.485	DUAL-B
mention	mencionar	0.484	DUAL-B
out	afuera	0.484	DUAL-B
minor	menores	0.484	DUAL-B
ireland	irlanda	0.484	DUAL-B
economic	económicas	0.484	DUAL-B
particular	particular	0.484	DUAL-B
cover	cubrir	0.484	DUAL-B
october	octubre	0.484	DUAL-B
fire	fuego	0.483	DUAL-B
native	nativas	0.483	DUAL-B
native	nativos	0.483	DUAL-B
political	político	0.483	DUAL-B
russian	rusa	0.483	DUAL-B
claimed	reclamó	0.483	DUAL-B
figure	figura	0.483	DUAL-B
nine	nueve	0.483	DUAL-B
refer	referir	0.483	DUAL-B
executive	ejecutiva	0.483	DUAL-B
executive	ejecutivo	0.483	DUAL-B
regular	regulares	0.483	DUAL-B
zealand	zelandia	0.483	DUAL-B
russian	ruso	0.483	DUAL-B
august	agosto	0.482	DUAL-B
law	leyes	0.482	DUAL-B
served	sirvió	0.482	DUAL-B
footballer	futbolista	0.482	DUAL-B
committee	comisión	0.482	DUAL-B
better	mejor	0.482	DUAL-B
personal	personales	0.482	DUAL-B
claims	reclamos	0.482	DUAL-B
politics	politica	0.482	DUAL-B
politics	política	0.482	DUAL-B
move	moverse	0.482	DUAL-B
statistics	estadística	0.482	DUAL-B
claim	reclamar	0.482	DUAL-B
military	militar	0.482	DUAL-B
july	julio	0.482	DUAL-B
june	june	0.482	DUAL-B
period	período	0.482	DUAL-B
school	escuela	0.481	DUAL-B
catholic	católico	0.481	DUAL-B
novels	novelas	0.481	DUAL-B
national	nacionales	0.481	DUAL-B
moving	moviendo	0.481	DUAL-B
car	coche	0.481	DUAL-B
russian	rusia	0.481	DUAL-B
scientific	científico	0.481	DUAL-B
scientific	científica	0.481	DUAL-B
russian	rusas	0.481	DUAL-B
possible	posible	0.481	DUAL-B
success	exito	0.481	DUAL-B
success	éxito	0.481	DUAL-B
names	nombres	0.481	DUAL-B
medical	médicas	0.481	DUAL-B
russian	rusos	0.480	DUAL-B
channel	canal	0.480	DUAL-B
republic	republica	0.480	DUAL-B
republic	república	0.480	DUAL-B
paul	pablo	0.480	DUAL-B
medical	médicos	0.480	DUAL-B
summer	summer	0.480	DUAL-B
leader	leader	0.480	DUAL-B
times	tiempos	0.480	DUAL-B
review	revisión	0.480	DUAL-B
common	comunes	0.480	DUAL-B
large	large	0.480	DUAL-B
executive	ejecutivos	0.480	DUAL-B
executive	ejecutivas	0.480	DUAL-B
summary	sumario	0.480	DUAL-B
studied	estudié	0.480	DUAL-B
hospital	hospitales	0.480	DUAL-B
material	materiales	0.479	DUAL-B
special	especiales	0.479	DUAL-B
light	ligera	0.479	DUAL-B
dance	bailes	0.479	DUAL-B
federal	federales	0.479	DUAL-B
united	unido	0.479	DUAL-B
entered	entrado	0.479	DUAL-B
lines	líneas	0.479	DUAL-B
lines	lineas	0.479	DUAL-B
nations	nations	0.479	DUAL-B
support	apoyo	0.479	DUAL-B
past	pasadas	0.478	DUAL-B
quality	calidad	0.478	DUAL-B
catholic	católicos	0.478	DUAL-B
european	europea	0.478	DUAL-B
car	coches	0.478	DUAL-B
replaced	reemplazados	0.478	DUAL-B
scientific	científicas	0.478	DUAL-B
scientific	científicos	0.478	DUAL-B
footballers	futbolistas	0.478	DUAL-B
occupation	ocupación	0.478	DUAL-B
replaced	reemplazado	0.478	DUAL-B
additional	adicional	0.478	DUAL-B
european	europeo	0.478	DUAL-B
possible	posibles	0.478	DUAL-B
star	estrella	0.478	DUAL-B
robert	roberto	0.478	DUAL-B
nothing	nada	0.478	DUAL-B
model	modelo	0.477	DUAL-B
specific	específica	0.477	DUAL-B
specific	especifico	0.477	DUAL-B
specific	específico	0.477	DUAL-B
attempt	intento	0.477	DUAL-B
failed	falló	0.477	DUAL-B
during	durante	0.477	DUAL-B
bass	bajo	0.477	DUAL-B
memorial	conmemorativo	0.477	DUAL-B
edition	edición	0.477	DUAL-B
vice	vicios	0.477	DUAL-B
details	detalles	0.477	DUAL-B
daily	diaria	0.477	DUAL-B
university	universidad	0.476	DUAL-B
may	mayo	0.476	DUAL-B
means	medios	0.476	DUAL-B
alexander	alejandro	0.476	DUAL-B
space	espacio	0.476	DUAL-B
record	registro	0.476	DUAL-B
canadian	canadiense	0.476	DUAL-B
details	detalle	0.476	DUAL-B
united	unidos	0.476	DUAL-B
schools	escuelas	0.476	DUAL-B
history	historial	0.475	DUAL-B
schools	escuela	0.475	DUAL-B
european	europeas	0.475	DUAL-B
service	servicio	0.475	DUAL-B
model	modelos	0.475	DUAL-B
rest	reposo	0.475	DUAL-B
comedy	comedia	0.475	DUAL-B
popular	populares	0.475	DUAL-B
european	europeos	0.475	DUAL-B
specific	específicas	0.475	DUAL-B
specific	específicos	0.475	DUAL-B
june	junio	0.475	DUAL-B
term	término	0.475	DUAL-B
can	pueden	0.474	DUAL-B
sound	sonido	0.474	DUAL-B
age	edades	0.474	DUAL-B
red	rojo	0.474	DUAL-B
red	roja	0.474	DUAL-B
council	concilio	0.474	DUAL-B
evidence	evidencias	0.474	DUAL-B
approximately	aproximadamente	0.474	DUAL-B
parts	repuestos	0.474	DUAL-B
take	tome	0.474	DUAL-B
source	origen	0.474	DUAL-B
past	pasada	0.474	DUAL-B
past	pasado	0.474	DUAL-B
canadian	canadienses	0.473	DUAL-B
difficult	dificil	0.473	DUAL-B
difficult	difícil	0.473	DUAL-B
short	corta	0.473	DUAL-B
short	corto	0.473	DUAL-B
response	repuesta	0.473	DUAL-B
republican	republicana	0.473	DUAL-B
republican	republicano	0.473	DUAL-B
sense	sentido	0.473	DUAL-B
red	rojas	0.473	DUAL-B
key	clave	0.473	DUAL-B
remains	restos	0.473	DUAL-B
provided	proporcionada	0.473	DUAL-B
provided	proporcionado	0.473	DUAL-B
period	periodo	0.473	DUAL-B
move	muévete	0.473	DUAL-B
short	cortos	0.473	DUAL-B
someone	alguien	0.473	DUAL-B
key	claves	0.472	DUAL-B
northern	norteña	0.472	DUAL-B
rights	derechos	0.472	DUAL-B
provided	proporcionados	0.472	DUAL-B
past	pasados	0.472	DUAL-B
limited	limitado	0.472	DUAL-B
limited	limitada	0.472	DUAL-B
stars	estrellas	0.472	DUAL-B
major	mayor	0.472	DUAL-B
oppose	oponerse	0.472	DUAL-B
power	potencia	0.471	DUAL-B
airport	aeropuerto	0.471	DUAL-B
speed	rapidez	0.471	DUAL-B
new	nueva	0.471	DUAL-B
accounts	relatos	0.471	DUAL-B
records	registros	0.471	DUAL-B
republican	republicanos	0.471	DUAL-B
services	servicios	0.471	DUAL-B
charles	carlos	0.471	DUAL-B
new	nuevas	0.471	DUAL-B
really	realmente	0.471	DUAL-B
john	john	0.471	DUAL-B
job	job	0.471	DUAL-B
operation	operación	0.471	DUAL-B
natural	naturales	0.471	DUAL-B
notes	apuntes	0.470	DUAL-B
daily	diario	0.470	DUAL-B
policy	politica	0.470	DUAL-B
policy	política	0.470	DUAL-B
state	estado	0.470	DUAL-B
version	version	0.470	DUAL-B
version	versión	0.470	DUAL-B
purpose	proposito	0.470	DUAL-B
purpose	propósito	0.470	DUAL-B
alternative	alternativo	0.470	DUAL-B
alternative	alternativa	0.470	DUAL-B
stations	estaciones	0.470	DUAL-B
county	condado	0.470	DUAL-B
score	anotar	0.470	DUAL-B
limited	limitados	0.470	DUAL-B
limited	limitadas	0.470	DUAL-B
tracks	huellas	0.470	DUAL-B
review	revisar	0.470	DUAL-B
retired	retirado	0.469	DUAL-B
retired	retirada	0.469	DUAL-B
authority	autoridad	0.469	DUAL-B
airport	aeropuertos	0.469	DUAL-B
southern	sureña	0.469	DUAL-B
southern	sureño	0.469	DUAL-B
event	acontecimiento	0.469	DUAL-B
modern	moderna	0.469	DUAL-B
modern	moderno	0.469	DUAL-B
serving	sirviendo	0.469	DUAL-B
death	defunción	0.469	DUAL-B
million	millones	0.469	DUAL-B
terms	términos	0.469	DUAL-B
terms	terminos	0.469	DUAL-B
majority	mayoria	0.469	DUAL-B
daily	diarios	0.469	DUAL-B
need	necesito	0.469	DUAL-B
need	necesita	0.469	DUAL-B
necessary	necesaria	0.469	DUAL-B
necessary	necesario	0.469	DUAL-B
championships	campeonatos	0.469	DUAL-B
race	carrera	0.468	DUAL-B
policy	políticas	0.468	DUAL-B
rule	regla	0.468	DUAL-B
scottish	escocés	0.468	DUAL-B
commercial	comerciales	0.468	DUAL-B
required	requerido	0.468	DUAL-B
required	requerida	0.468	DUAL-B
writer	escritor	0.468	DUAL-B
status	situación	0.468	DUAL-B
alternative	alternativos	0.468	DUAL-B
category	categoria	0.468	DUAL-B
general	general	0.468	DUAL-B
modern	modernos	0.468	DUAL-B
modern	modernas	0.468	DUAL-B
nature	nature	0.467	DUAL-B
long	largos	0.467	DUAL-B
retired	retirados	0.467	DUAL-B
relations	relaciones	0.467	DUAL-B
cover	cubierta	0.467	DUAL-B
battle	batalla	0.467	DUAL-B
international	internacionales	0.467	DUAL-B
study	estudio	0.467	DUAL-B
study	estudia	0.467	DUAL-B
separate	separada	0.467	DUAL-B
separate	separado	0.467	DUAL-B
decided	decidió	0.467	DUAL-B
long	largo	0.467	DUAL-B
long	larga	0.467	DUAL-B
necessary	necesarias	0.467	DUAL-B
necessary	necesarios	0.467	DUAL-B
television	televisor	0.467	DUAL-B
castle	castillo	0.467	DUAL-B
university	universitario	0.467	DUAL-B
mike	miguel	0.467	DUAL-B
journal	diario	0.466	DUAL-B
company	empresa	0.466	DUAL-B
required	requeridos	0.466	DUAL-B
successful	éxito	0.466	DUAL-B
appear	aparecer	0.466	DUAL-B
battle	batallas	0.466	DUAL-B
based	basada	0.466	DUAL-B
based	basado	0.466	DUAL-B
needed	necesitó	0.466	DUAL-B
science	ciencias	0.466	DUAL-B
separate	separados	0.465	DUAL-B
together	together	0.465	DUAL-B
musicians	músicos	0.465	DUAL-B
television	televisiones	0.465	DUAL-B
refer	referirse	0.465	DUAL-B
university	universitarios	0.465	DUAL-B
caps	gorros	0.465	DUAL-B
categories	categorias	0.465	DUAL-B
studied	estudió	0.465	DUAL-B
reasons	razones	0.465	DUAL-B
german	alemán	0.465	DUAL-B
german	aleman	0.465	DUAL-B
government	gobierno	0.464	DUAL-B
activities	actividades	0.464	DUAL-B
need	necesitar	0.464	DUAL-B
needs	necesita	0.464	DUAL-B
journal	journal	0.464	DUAL-B
covered	cubierta	0.464	DUAL-B
covered	cubierto	0.464	DUAL-B
miles	millas	0.464	DUAL-B
moved	movida	0.464	DUAL-B
moved	movido	0.464	DUAL-B
square	cuadrado	0.464	DUAL-B
square	cuadrada	0.464	DUAL-B
studies	estudios	0.464	DUAL-B
rules	reglas	0.464	DUAL-B
title	titulo	0.464	DUAL-B
title	título	0.464	DUAL-B
launched	lanzado	0.464	DUAL-B
launched	lanzada	0.464	DUAL-B
jean	jean	0.464	DUAL-B
supported	apoyó	0.463	DUAL-B
study	estudiar	0.463	DUAL-B
pagename	pagename	0.463	DUAL-B
seed	semilla	0.463	DUAL-B
educational	educación	0.463	DUAL-B
companies	empresas	0.463	DUAL-B
remaining	restantes	0.463	DUAL-B
lake	laguna	0.463	DUAL-B
news	noticias	0.463	DUAL-B
covered	cubiertas	0.463	DUAL-B
covered	cubiertos	0.463	DUAL-B
bgcolor	bgcolor	0.463	DUAL-B
location	lugar	0.462	DUAL-B
mentioned	mencionado	0.462	DUAL-B
mentioned	mencionada	0.462	DUAL-B
put	ponga	0.462	DUAL-B
original	original	0.462	DUAL-B
night	nocturno	0.462	DUAL-B
information	información	0.462	DUAL-B
information	informacion	0.462	DUAL-B
model	maqueta	0.462	DUAL-B
conference	conferencia	0.462	DUAL-B
seed	semillas	0.462	DUAL-B
baseball	baseball	0.462	DUAL-B
champions	campeones	0.462	DUAL-B
politician	político	0.461	DUAL-B
politician	politico	0.461	DUAL-B
utc	utc	0.461	DUAL-B
individual	individuales	0.461	DUAL-B
finally	finalmente	0.461	DUAL-B
evidence	pruebas	0.461	DUAL-B
james	jaime	0.461	DUAL-B
mentioned	mencionados	0.461	DUAL-B
associated	asociado	0.461	DUAL-B
associated	asociada	0.461	DUAL-B
remaining	restante	0.461	DUAL-B
individuals	individuales	0.461	DUAL-B
populated	poblada	0.461	DUAL-B
populated	poblado	0.461	DUAL-B
interview	entrevista	0.461	DUAL-B
champion	campeona	0.461	DUAL-B
keep	conservar	0.461	DUAL-B
university	universidades	0.461	DUAL-B
angeles	angeles	0.461	DUAL-B
served	servida	0.460	DUAL-B
served	servido	0.460	DUAL-B
stories	cuentos	0.460	DUAL-B
medal	medallas	0.460	DUAL-B
served	servidos	0.460	DUAL-B
edition	edition	0.460	DUAL-B
medal	medalla	0.460	DUAL-B
hospital	hospitalaria	0.460	DUAL-B
hospital	hospitalario	0.460	DUAL-B
interview	entrevistas	0.460	DUAL-B
politicians	políticos	0.460	DUAL-B
politicians	politicos	0.460	DUAL-B
populated	pobladas	0.460	DUAL-B
edits	ediciones	0.459	DUAL-B
coach	autocar	0.459	DUAL-B
claimed	reclamado	0.459	DUAL-B
claimed	reclamada	0.459	DUAL-B
news	noticia	0.459	DUAL-B
coverage	cobertura	0.459	DUAL-B
nominated	nominado	0.459	DUAL-B
nominated	nominada	0.459	DUAL-B
japan	japon	0.459	DUAL-B
japan	japón	0.459	DUAL-B
metal	metálico	0.459	DUAL-B
space	espacial	0.459	DUAL-B
organization	organizacion	0.459	DUAL-B
organization	organización	0.459	DUAL-B
attacks	atentados	0.459	DUAL-B
care	cuidado	0.459	DUAL-B
anyone	alguien	0.459	DUAL-B
designed	diseñada	0.459	DUAL-B
designed	diseñado	0.459	DUAL-B
scottish	escoceses	0.459	DUAL-B
america	america	0.459	DUAL-B
america	américa	0.459	DUAL-B
ships	buques	0.458	DUAL-B
office	oficinas	0.458	DUAL-B
claimed	reclamadas	0.458	DUAL-B
stadium	estadio	0.458	DUAL-B
nominated	nominados	0.458	DUAL-B
page	pagina	0.458	DUAL-B
page	página	0.458	DUAL-B
metal	metálicos	0.458	DUAL-B
minister	pastor	0.458	DUAL-B
returned	retornados	0.458	DUAL-B
designed	diseñadas	0.458	DUAL-B
designed	diseñados	0.458	DUAL-B
successful	exitosa	0.458	DUAL-B
care	cuidados	0.458	DUAL-B
less	menos	0.458	DUAL-B
mid	mediados	0.457	DUAL-B
successful	exitoso	0.457	DUAL-B
caused	causado	0.457	DUAL-B
subject	súbdito	0.457	DUAL-B
tracks	pistas	0.457	DUAL-B
especially	especialmente	0.457	DUAL-B
individual	individuo	0.457	DUAL-B
digital	digitales	0.456	DUAL-B
governor	gobernador	0.456	DUAL-B
society	sociedad	0.456	DUAL-B
named	nombrada	0.456	DUAL-B
named	nombrado	0.456	DUAL-B
writers	redactores	0.456	DUAL-B
paper	ponencia	0.456	DUAL-B
modify	modifica	0.456	DUAL-B
due	debido	0.456	DUAL-B
racing	carreras	0.456	DUAL-B
light	ligero	0.456	DUAL-B
regional	regionales	0.456	DUAL-B
understand	comprender	0.456	DUAL-B
diff	diferenciar	0.456	DUAL-B
align	alineación	0.455	DUAL-B
new	novedad	0.455	DUAL-B
pages	páginas	0.455	DUAL-B
pages	paginas	0.455	DUAL-B
manager	manager	0.455	DUAL-B
individuals	individuos	0.455	DUAL-B
admin	administrador	0.455	DUAL-B
intended	pretendía	0.455	DUAL-B
successful	exitosos	0.455	DUAL-B
diff	diferencias	0.455	DUAL-B
return	regreso	0.455	DUAL-B
received	recibida	0.455	DUAL-B
received	recibido	0.455	DUAL-B
referred	referido	0.455	DUAL-B
range	rango	0.455	DUAL-B
received	recibidas	0.454	DUAL-B
received	recibidos	0.454	DUAL-B
scotland	escocia	0.454	DUAL-B
launched	lanzados	0.454	DUAL-B
defeated	derrotada	0.454	DUAL-B
defeated	derrotado	0.454	DUAL-B
relationship	relación	0.454	DUAL-B
relationship	relacion	0.454	DUAL-B
books	libros	0.454	DUAL-B
works	trabajos	0.454	DUAL-B
male	macho	0.454	DUAL-B
front	fachada	0.454	DUAL-B
defeated	derrotados	0.454	DUAL-B
studied	estudiado	0.453	DUAL-B
religion	religiones	0.453	DUAL-B
modify	modificar	0.453	DUAL-B
regular	regularidad	0.453	DUAL-B
returned	regresó	0.453	DUAL-B
write	escritura	0.453	DUAL-B
studied	estudiados	0.453	DUAL-B
descent	ascendencia	0.453	DUAL-B
surface	superficie	0.453	DUAL-B
writer	escritora	0.453	DUAL-B
successful	exitosas	0.452	DUAL-B
claim	reclamación	0.452	DUAL-B
marriage	matrimonio	0.452	DUAL-B
thanks	gracias	0.452	DUAL-B
difficult	difíciles	0.452	DUAL-B
directed	dirigida	0.452	DUAL-B
directed	dirigido	0.452	DUAL-B
return	regresar	0.452	DUAL-B
ancient	antigua	0.452	DUAL-B
financial	financieros	0.452	DUAL-B
scottish	escocesa	0.452	DUAL-B
coverage	coberturas	0.451	DUAL-B
suggest	sugiere	0.451	DUAL-B
financial	financiero	0.451	DUAL-B
financial	financiera	0.451	DUAL-B
amount	cantidad	0.451	DUAL-B
ancient	antiguo	0.451	DUAL-B
ships	barcos	0.451	DUAL-B
religious	religioso	0.451	DUAL-B
religious	religiosa	0.451	DUAL-B
released	liberados	0.451	DUAL-B
votes	votaciones	0.451	DUAL-B
understand	comprenda	0.450	DUAL-B
literature	literatura	0.450	DUAL-B
single	soltero	0.450	DUAL-B
single	soltera	0.450	DUAL-B
daily	diariamente	0.450	DUAL-B
olympic	olimpiadas	0.450	DUAL-B
districts	barrios	0.450	DUAL-B
relationship	relaciones	0.450	DUAL-B
