fr	en	combo	tier
de	de	1.000	S
le	le	1.000	S
qui	key	1.000	S
elle	el	1.000	S
si	see	1.000	S
tout	to	1.000	S
nous	new	1.000	S
cette	set	1.000	S
faire	fair	1.000	S
dit	di	1.000	S
sous	sue	1.000	S
vie	ve	1.000	S
oui	we	1.000	S
cet	set	1.000	S
elles	el	1.000	S
reste	rest	1.000	S
prix	pre	1.000	S
groupe	group	1.000	S
aime	em	1.000	S
celle	sell	1.000	S
ci	see	1.000	S
dis	di	1.000	S
ni	knee	1.000	S
site	seat	1.000	S
pris	pre	1.000	S
père	pair	1.000	S
donne	dawn	1.000	S
fils	feel	1.000	S
mis	me	1.000	S
air	air	1.000	S
êtes	et	1.000	S
corps	corps	1.000	S
forme	form	1.000	S
or	or	1.000	S
chef	chef	1.000	S
fort	for	1.000	S
terre	terror	1.000	S
aide	ed	1.000	S
belle	bell	1.000	S
nord	nor	1.000	S
peine	pen	1.000	S
laisse	less	1.000	S
route	root	1.000	S
tel	tell	1.000	S
six	cease	1.000	S
liste	least	1.000	S
ii	ye	1.000	S
scène	sen	1.000	S
pire	peter	1.000	S
coupe	cooper	1.000	S
oh	aw	1.000	S
cher	share	1.000	S
hors	or	1.000	S
texte	text	1.000	S
celles	sell	1.000	S
presse	press	1.000	S
sorte	sort	1.000	S
lit	lee	1.000	S
ex	ex	1.000	S
ben	ben	1.000	S
ouest	west	1.000	S
sept	set	1.000	S
technique	technique	1.000	S
paul	paul	1.000	S
style	steel	1.000	S
groupes	group	1.000	S
forte	fort	1.000	S
telle	tell	1.000	S
vis	ve	1.000	S
to	to	1.000	S
clair	claire	1.000	S
pose	pause	1.000	S
ligue	league	1.000	S
rêve	rev	1.000	S
fer	fair	1.000	S
fil	feel	1.000	S
vit	ve	1.000	S
tels	tell	1.000	S
sites	seat	1.000	S
belles	bell	1.000	S
el	el	1.000	S
mi	me	1.000	S
sexe	sex	1.000	S
techniques	technique	1.000	S
formes	form	1.000	S
textes	text	1.000	S
test	test	1.000	S
you	you	1.000	S
chefs	chef	1.000	S
crime	cream	1.000	S
mille	meal	1.000	S
perd	pair	1.000	S
aimes	em	1.000	S
restent	rest	1.000	S
telles	tell	1.000	S
terres	terror	1.000	S
claire	claire	1.000	S
net	net	1.000	S
donnent	dawn	1.000	S
seine	sen	1.000	S
for	for	1.000	S
mettent	met	1.000	S
fit	fee	1.000	S
haine	en	1.000	S
aiment	em	1.000	S
bel	bell	1.000	S
di	di	1.000	S
doux	do	1.000	S
pen	pen	1.000	S
signes	senior	1.000	S
trou	true	1.000	S
mairie	mary	1.000	S
by	be	1.000	S
dette	debt	1.000	S
bête	bet	1.000	S
routes	root	1.000	S
rêves	rev	1.000	S
foule	fool	1.000	S
iv	eve	1.000	S
chère	share	1.000	S
mène	men	1.000	S
mine	mean	1.000	S
sec	sec	1.000	S
crimes	cream	1.000	S
fortes	fort	1.000	S
my	me	1.000	S
tests	test	1.000	S
ski	ski	1.000	S
vies	ve	1.000	S
folle	fall	1.000	S
forts	for	1.000	S
lis	lee	1.000	S
aides	ed	1.000	S
normes	norm	1.000	S
yves	eve	1.000	S
sel	sell	1.000	S
mines	mean	1.000	S
pis	pee	1.000	S
scènes	sen	1.000	S
col	call	1.000	S
loup	lou	1.000	S
cite	seat	1.000	S
mit	me	1.000	S
prouve	prove	1.000	S
chers	share	1.000	S
paire	pair	1.000	S
prit	pre	1.000	S
fi	fee	1.000	S
file	feel	1.000	S
sortent	sort	1.000	S
vi	ve	1.000	S
ère	air	1.000	S
best	best	1.000	S
del	del	1.000	S
der	dare	1.000	S
laissent	less	1.000	S
sortes	sort	1.000	S
régime	regime	0.885	A
plateforme	platform	0.881	A
respect	respect	0.870	A
respecte	respect	0.870	A
marie	mighty	0.864	A
midi	media	0.864	A
grosse	gross	0.864	A
mari	mighty	0.864	A
grosses	gross	0.864	A
iii	ye	0.859	A
extrême	extreme	0.858	A
direct	director	0.850	A
réforme	reform	0.850	A
directe	director	0.850	A
regrette	regret	0.850	A
existe	exist	0.847	A
aspect	aspect	0.847	A
extrait	extra	0.847	A
existent	exist	0.847	A
aspects	aspect	0.847	A
système	stem	0.847	A
critique	creek	0.847	A
systèmes	stem	0.847	A
critiques	creek	0.847	A
expression	express	0.842	A
accepte	accept	0.837	A
mal	mile	0.833	A
lors	laura	0.833	A
choses	shows	0.833	A
gros	grow	0.833	A
base	buyers	0.833	A
date	doubt	0.833	A
rôle	role	0.833	A
zone	zone	0.833	A
sol	soil	0.833	A
pro	pro	0.833	A
sert	sarah	0.833	A
gaz	guys	0.833	A
côte	coat	0.833	A
masse	mouse	0.833	A
zones	zone	0.833	A
notes	note	0.833	A
lac	like	0.833	A
phase	fires	0.833	A
rare	writer	0.833	A
clé	clay	0.833	A
pape	pipe	0.833	A
race	rice	0.833	A
rares	writer	0.833	A
bac	bike	0.833	A
fans	fine	0.833	A
clés	clay	0.833	A
bases	buyers	0.833	A
fan	fine	0.833	A
pause	pose	0.833	A
man	mine	0.833	A
pré	pray	0.833	A
vise	visa	0.833	A
chris	korea	0.833	A
côtes	coat	0.833	A
mac	mike	0.833	A
pôle	poll	0.833	A
dates	doubt	0.833	A
nan	nine	0.833	A
chaude	showed	0.833	A
contexte	context	0.827	A
prise	properties	0.827	A
prises	properties	0.827	A
princesse	princess	0.825	A
même	mm	0.823	A
ici	cc	0.823	A
mêmes	mm	0.823	A
cesse	ss	0.823	A
merci	mary	0.822	A
super	spare	0.822	A
esprit	sp	0.822	A
espère	spare	0.822	A
sortie	sort	0.822	A
rester	rest	0.822	A
afrique	freak	0.822	A
permis	perry	0.822	A
adresse	dress	0.822	A
crise	carries	0.822	A
sorti	sort	0.822	A
vitesse	vs	0.822	A
marine	marine	0.822	A
triste	treat	0.822	A
twitter	tweet	0.822	A
énorme	norm	0.822	A
troupes	troops	0.822	A
colère	claire	0.822	A
estime	steam	0.822	A
piste	priest	0.822	A
signé	senior	0.822	A
prête	pressed	0.822	A
toulouse	tools	0.822	A
blessé	bless	0.822	A
ennemi	enemy	0.822	A
prouver	prove	0.822	A
former	form	0.822	A
format	form	0.822	A
ennemis	enemy	0.822	A
resté	rest	0.822	A
formé	form	0.822	A
piscine	pc	0.822	A
blessés	bless	0.822	A
prêtre	prayer	0.822	A
signer	senior	0.822	A
pistes	priest	0.822	A
sortant	sort	0.822	A
esprits	sp	0.822	A
prière	prayer	0.822	A
thierry	terry	0.822	A
tester	test	0.822	A
michel	michelle	0.821	A
youtube	youtube	0.821	A
forum	forum	0.821	A
galerie	gallery	0.821	A
perdre	pair	0.816	A
civile	seal	0.816	A
civil	seal	0.816	A
liquide	lead	0.816	A
cellules	sell	0.816	A
licence	lease	0.816	A
cellule	sell	0.816	A
civils	seal	0.816	A
police	police	0.810	A
machine	machine	0.810	A
machines	machine	0.810	A
complexe	complex	0.808	A
formule	formal	0.808	A
concept	concept	0.804	A
maîtrise	memories	0.803	A
