word	mate	mate_homophone	shared
acc	cac	conic	2
acceptant	acceptent	accept	2
acceptant	acceptent	except	2
acceptation	acceptent	accept	2
acceptation	acceptent	except	2
accepter	acceptent	accept	3
accepter	acceptent	except	3
accepter	accepte	accept	2
accepter	accepte	acceptance	2
acceptez	acceptent	accept	3
acceptez	acceptent	except	3
acceptez	accepte	accept	2
acceptez	accepte	acceptance	2
acclamations	clap	clap	2
accord	corde	chord	2
accord	corde	cord	2
accord	corde	corder	2
adele	adèle	adele	2
adele	adèle	adèle	2
adorable	belle	bell	2
adorable	belle	belle	2
adorable	belle	bellied	2
adorable	belle	bellies	2
adorable	belle	belling	2
affecter	affectent	affect	2
affecter	affectent	affecting	2
affecter	affectent	effect	2
affecter	affectent	perfect	2
affecter	affecte	affect	2
affecter	affecte	effect	2
agressif	agressive	aggressive	3
agressifs	agressive	aggressive	3
agression	agressive	aggressive	2
agressions	agressive	aggressive	2
agressives	agressive	aggressive	3
agressivité	agressive	aggressive	3
alive	live	arrive	2
alive	live	life	2
alive	live	lives	2
alive	live	thrive	2
antiquaire	antique	antique	2
antiquité	antique	antique	2
antiquités	antique	antique	2
appendice	annexe	annex	2
approuvant	approuve	approve	2
approuvant	approuvent	approve	2
approuver	approuve	approve	3
approuver	approuvent	approve	3
approximation	rapprochements	rapprochement	2
approximation	rapprochement	rapprochement	2
aristocratie	gentry	gentry	2
arm	armes	armor	2
armement	armes	armor	5
armements	armes	armor	5
armer	armes	armor	3
artistes	artiste	artiste	2
arête	crête	caressed	2
arête	crête	correct	2
arête	crête	corrected	2
arête	crête	cred	2
arête	crête	crest	2
arête	crête	crête	2
arête	crête	grit	2
arête	crête	regret	2
arête	crest	crest	2
arête	crest	crête	2
ascendante	crescent	crescent	2
ass	fesse	face	3
ass	fesse	fess	3
ass	fesse	fez	3
ass	fesse	fits	3
ass	fesses	fess	3
ass	fesses	fez	3
assis	assise	sees	2
astuces	trucs	trick	2
attack	attaque	isaac	2
attester	attestent	attest	2
attester	atteste	artist	2
attester	atteste	attest	2
aurora	aurores	aurore	2
aurora	aurore	aurore	2
australien	australie	ought rally	3
australienne	australie	ought rally	3
australiens	australie	ought rally	3
authentifier	authentification	authentication	2
autoroute	route	root	2
autoroutes	route	root	2
avc	attaque	isaac	2
axes	axe	axe	2
babe	baby	babies	2
balais	brosse	broader	2
balles	bols	balls	2
ballons	bols	balls	2
balsam	baume	become	3
balsam	baume	bomb	3
balsam	baume	bum	3
bancaire	banque	banker	3
bancaire	banque	bock	3
bannie	banni	bonnie	2
bannie	bannis	bonnie	2
banques	banque	banker	3
banques	banque	bock	3
bar	barreau	borough	2
bar	barre	bizarre	2
bar	barre	br	2
barré	barre	bizarre	4
barré	barre	br	4
barré	barreau	borough	2
barrée	barre	bizarre	3
barrée	barre	br	3
bat	batte	bite	2
bat	batte	bout	2
bat	batte	but	2
baton	baguette	baguette	2
battements	batte	bite	2
battements	batte	bout	2
battements	batte	but	2
bay	baies	bye	2
bay	baie	bed	2
beep	bip	beep	2
beep	bip	beeps	2
beep	bip	blip	2
beep	bip	peep	2
beep	bips	beep	2
beep	bips	beeps	2
bennet	bennett	bennet	2
bennet	bennett	bennett	2
berry	baies	bye	2
berry	baie	bed	2
bienheureux	béni	beanie	2
bienheureux	béni	benny	2
bienheureux	bénisse	basis	2
billes	bols	balls	2
biographie	biographies	biography	2
biographique	biographies	biography	2
biographiques	biographies	biography	2
bleue	bleu	below	4
bleue	blues	blued	3
bleues	bleu	below	4
bleues	blues	blued	3
bleus	bleu	below	4
bleus	blues	blued	3
blocage	bloc	belong	2
blocage	bloc	belonged	2
blocage	bloc	belonging	2
blocage	bloc	belongs	2
blocage	bloc	black	2
blocage	bloc	blank	2
blocage	bloc	bloc	2
block	bloc	belong	2
block	bloc	belonged	2
block	bloc	belonging	2
block	bloc	belongs	2
block	bloc	black	2
block	bloc	blank	2
block	bloc	bloc	2
blog	blogue	blog	2
blogs	blogue	blog	2
bloquant	bloc	belong	2
bloquant	bloc	belonged	2
bloquant	bloc	belonging	2
bloquant	bloc	belongs	2
bloquant	bloc	black	2
bloquant	bloc	blank	2
bloquant	bloc	bloc	2
bloquer	bloc	belong	2
bloquer	bloc	belonged	2
bloquer	bloc	belonging	2
bloquer	bloc	belongs	2
bloquer	bloc	black	2
bloquer	bloc	blank	2
bloquer	bloc	bloc	2
blouses	blouse	blues	2
bluffer	bluff	bluff	2
blâmer	blâme	blamed	3
bone	bones	bone	2
border	bord	before	2
border	bord	boris	2
bordure	bord	before	3
bordure	bord	boris	3
bordures	bord	before	2
bordures	bord	boris	2
bouddhisme	bouddhiste	buddhist	3
bouddhisme	bouddhistes	buddhist	3
boules	bols	balls	2
boulon	bolt	bolt	2
boulons	bolt	bolt	2
bourgeois	bourgeoisie	bourgeoisie	2
bourgeoise	bourgeoisie	bourgeoisie	2
bretagne	bretonne	britain	4
breton	bretonne	britain	4
bretons	bretonne	britain	4
brillance	gloss	gloss	2
brillance	gloss	glossy	2
brillant	gloss	gloss	2
brillant	gloss	glossy	2
brosses	brosse	broader	2
broussailles	brosse	broader	2
brown	brunes	brune	5
brown	brune	brune	5
brown	brunette	brunette	4
brownie	brownies	brownies	2
brun	brunes	brune	5
brun	brune	brune	5
brun	brunette	brunette	4
bruns	brunes	brune	5
bruns	brune	brune	5
bruns	brunette	brunette	4
buisson	brousse	brews	4
buisson	brousse	bruise	4
buissons	brousse	brews	4
buissons	brousse	bruise	4
bush	brousse	brews	2
bush	brousse	bruise	2
butin	fesse	face	2
butin	fesse	fess	2
butin	fesse	fez	2
butin	fesse	fits	2
butin	fesses	fess	2
butin	fesses	fez	2
bâtit	bâti	bounty	2
bâtit	bâti	busty	2
bâtit	bâti	butty	2
bâton	baguette	baguette	2
béatrice	beatrice	beatrice	2
bébé	baby	babies	2
bénie	béni	beanie	3
bénie	béni	benny	3
bénie	bénisse	basis	2
bénin	bénigne	penning	4
bénir	béni	beanie	2
bénir	béni	benny	2
bénir	bénisse	basis	2
bénis	béni	beanie	3
bénis	béni	benny	3
bénis	bénisse	basis	2
cadets	cadette	cadet	2
cadets	cadet	cadre	2
cadets	cadet	carder	2
cafe	café	café	2
campement	camp	ca	3
campements	camp	ca	2
camping	camp	ca	2
camps	camp	ca	3
capes	caps	cap	2
caresser	caresse	caress	3
caresser	caresses	caress	3
caries	carie	catty	3
caries	carie	corrie	3
caries	carie	cutty	3
carnivore	carnivores	carnivore	3
carrefour	croix	croix	2
carrefour	crossover	crossover	2
casquettes	caps	cap	3
cavité	carie	catty	2
cavité	carie	corrie	2
cavité	carie	cutty	2
cavités	carie	catty	3
cavités	carie	corrie	3
cavités	carie	cutty	3
cci	sic	secret	2
cci	sic	seek	2
cci	sic	seeking	2
cci	sic	seeks	2
cci	sic	slick	2
cci	sic	speak	2
ced	edc	edc	2
cedric	cédric	cédric	2
cei	sic	secret	5
cei	sic	seek	5
cei	sic	seeking	5
cei	sic	seeks	5
cei	sic	slick	5
cei	sic	speak	5
cei	cis	cei	5
cell	cellules	cell	2
cell	cellules	cellular	2
cell	cellule	cell	2
cerisier	cerises	cerise	3
cerisier	cerises	cities	3
cerisier	cerises	series	3
cerisier	cerise	cerise	3
cerisier	cerise	cities	3
cerisier	cerise	series	3
cerisier	cerise	stories	3
certain	certaines	sentence	2
certain	certaines	sentences	2
certain	certaines	settling	2
certaine	certaines	sentence	2
certaine	certaines	sentences	2
certaine	certaines	settling	2
certains	certaines	sentence	2
certains	certaines	sentences	2
certains	certaines	settling	2
chad	tchad	chad	2
chad	tchad	chartered	2
chaine	chaîne	chen	2
chaine	chaîne	sean	2
chaine	chaîne	shane	2
chaine	chaîne	sharon	2
chaine	chaîne	shed	2
chaine	chaîne	shedding	2
charmes	charme	sharm	4
charmes	charm	sharm	3
cheikh	cheik	cheque	3
cherry	cerises	cerise	3
cherry	cerises	cities	3
cherry	cerises	series	3
cherry	cerise	cerise	3
cherry	cerise	cities	3
cherry	cerise	series	3
cherry	cerise	stories	3
chocs	choc	shook	3
choeur	chorale	chorale	4
chope	coupe	cooper	2
chope	coupe	coup	2
chope	coupe	coupe	2
chope	coupe	couper	2
chope	coupe	coupé	2
choquant	choc	shook	2
choquante	choc	shook	2
choquantes	choc	shook	2
choquer	choc	shook	3
chorales	chorale	chorale	3
chorégraphe	chorégraphie	choreography	2
christiane	christine	christine	2
chromé	chrome	chrome	2
chœur	chorale	chorale	4
chœurs	chorale	chorale	4
cic	sic	secret	6
cic	sic	seek	6
cic	sic	seeking	6
cic	sic	seeks	6
cic	sic	slick	6
cic	sic	speak	6
cic	cis	cei	4
cicatrice	scar	scar	2
cicatrices	scar	scar	2
ciels	ciel	yell	3
cieux	ciel	yell	3
cinéma	ciné	scene	3
cinéma	ciné	seen	3
cinémas	ciné	scene	3
cinémas	ciné	seen	3
ciseau	ciseaux	seas	2
ciseau	ciseaux	sees	2
ciseau	ciseaux	seesaw	2
ciseau	ciseaux	seize	2
citation	cite	cede	2
citation	cite	seat	2
citation	cite	seek	2
citation	citer	ct	2
citation	citer	seedy	2
citoyen	civiques	civic	2
citoyen	civique	civic	2
citoyenne	civiques	civic	3
citoyenne	civique	civic	3
citée	cité	seeder	2
citée	cité	seedy	2
citée	cité	sitar	2
citée	cité	sitter	2
civisme	civiques	civic	3
civisme	civique	civic	3
clamp	clip	clip	2
clamp	clip	clips	2
clc	sic	secret	5
clc	sic	seek	5
clc	sic	seeking	5
clc	sic	seeks	5
clc	sic	slick	5
clc	sic	speak	5
clc	cis	cei	4
cld	cid	cede	2
cld	cid	seed	2
cld	cid	seeder	2
clement	clément	claiming	2
cliquant	cliquez	quickly	2
cliquer	cliquez	quickly	2
clonage	clone	clone	3
clonage	clones	clone	3
cloner	clone	clone	3
cloner	clones	clone	3
codées	codé	cauda	2
codées	codé	corder	2
codés	codé	cauda	2
codés	codé	corder	2
collecter	collecte	collect	4
collecter	collecte	collector	4
collectif	collective	collective	2
collectifs	collective	collective	2
collection	collecte	collect	2
collection	collecte	collector	2
collectionner	collecte	collect	4
collectionner	collecte	collector	4
collet	col	call	4
collet	col	called	4
collet	col	cole	4
collet	col	hall	4
collet	col	haul	4
collier	col	call	4
collier	col	called	4
collier	col	cole	4
collier	col	hall	4
collier	col	haul	4
commandement	commande	commander	2
commandements	commande	commander	2
commandes	contrôles	controllers	2
commémoration	memorial	memorial	2
como	côme	coma	2
compact	compresse	compress	2
compact	compresses	compress	2
compact	pact	pact	2
compact	pacte	pact	2
compacte	compresse	compress	2
compacte	compresses	compress	2
compacte	pact	pact	2
compacte	pacte	pact	2
compactes	compresse	compress	2
compactes	compresses	compress	2
compactes	pact	pact	2
compactes	pacte	pact	2
compacts	compresse	compress	2
compacts	compresses	compress	2
compacts	pact	pact	2
compacts	pacte	pact	2
compresser	compresse	compress	3
compresser	compresses	compress	3
comprimer	compresse	compress	3
comprimer	compresses	compress	3
compétence	expertises	expenses	2
compétence	expertises	expertise	2
compétence	expertise	expertise	2
compétences	expertises	expenses	2
compétences	expertises	expertise	2
compétences	expertise	expertise	2
comédie	comique	comique	5
comédie	comic	comique	4
comédien	comique	comique	4
comédien	comic	comique	4
concéder	concède	corset	2
confesser	confesse	confess	4
confession	confesse	confess	3
consomme	consume	consumer	2
consomment	consume	consumer	2
consommer	consume	consumer	2
constant	constante	court art	2
constantes	constante	court art	2
constants	constante	court art	2
contestation	protester	protest	3
contestation	protester	protests	3
contingent	quotas	catarrh	3
contingents	quotas	catarrh	3
contrainte	stressé	stress	3
contrainte	stressé	stressed	3
contrainte	stressée	stress	2
contrainte	stressée	stressed	2
cookies	cookie	kookie	2
cookies	cookie	kooky	2
coordonné	coordonnées	coordinator	2
coordonnée	coordonnées	coordinator	2
coordonnés	coordonnées	coordinator	2
copier	copies	copy	3
copier	copie	copy	3
copier	copie	kopje	3
copiez	copies	copy	3
copiez	copie	copy	3
copiez	copie	kopje	3
cordoue	córdoba	cordoba	3
cordoue	córdoba	cordova	3
cordoue	córdoba	córdoba	3
cornéenne	cornée	cornea	3
correcteur	correcte	correct	2
correcteur	correct	correct	2
correcteurs	correctives	corrective	2
correctif	correctives	corrective	2
correction	correcte	correct	2
correction	correct	correct	2
corriger	correcte	correct	2
corriger	correct	correct	2
corrigez	correcte	correct	2
corrigez	correct	correct	2
coréen	corée	kauri	2
coréenne	corée	kauri	2
coréens	corée	kauri	2
cot	crèche	crèche	3
cotation	cotes	caught	4
cotation	cotes	court	4
cotation	cote	caught	4
cotation	cote	court	4
cotations	cotes	caught	2
cotations	cotes	court	2
couettes	couette	quest	3
coupage	couper	coupe	6
coupage	couper	couper	6
coupage	couper	coupé	6
coupage	coupez	coupe	5
coupage	coupez	couper	5
coupage	coupez	coupé	5
coupage	coupé	coupe	5
coupage	coupé	couper	5
coupage	coupé	coupé	5
coupage	coupe	cooper	5
coupage	coupe	coup	5
coupage	coupe	coupe	5
coupage	coupe	couper	5
coupage	coupe	coupé	5
coupures	coupes	cooper	2
coupures	coupes	coup	2
coupures	coupes	coupe	2
criant	cris	cree	2
criant	cris	creep	2
criant	crier	create	2
criant	crier	cree	2
criant	crie	cree	2
criant	cri	cree	2
cricket	criquets	creaky	2
criez	cris	cree	2
criez	cris	creep	2
criez	crier	create	2
criez	crier	cree	2
criez	crie	cree	2
criez	cri	cree	2
criminalité	crime	cream	2
criminalité	crime	creme	2
criminel	criminels	criminal	2
criminelle	criminels	criminal	2
criquet	criquets	creaky	2
croisement	croix	croix	4
croisement	crossover	crossover	4
croissant	crescent	crescent	2
croissante	crescent	crescent	2
croissants	crescent	crescent	2
croisé	croix	croix	6
croisé	crossover	crossover	4
croisée	croix	croix	6
croisée	crossover	crossover	4
croisés	croix	croix	3
croisés	crossover	crossover	3
croquant	crisp	crisp	3
croustillant	crisp	crisp	3
crow	corneille	corneille	2
crow	corbeau	corbeau	2
crow	corbeaux	corbeau	2
cry	cris	cree	3
cry	cris	creep	3
cryptage	crypto	crypto	3
cryptographie	crypto	crypto	2
crédits	prêts	prayers	2
crédits	prêts	prep	2
crédits	prêts	pret	2
créent	crée	cry	4
créer	crée	cry	4
crées	crée	cry	3
créez	crée	cry	4
créé	crée	cry	3
créée	crée	cry	3
créés	crée	cry	3
cso	sco	sco	2
culte	secte	sect	2
culte	secte	sector	2
culte	secte	sex	2
culte	secte	sicked	2
cultes	secte	sect	2
cultes	secte	sector	2
cultes	secte	sex	2
cultes	secte	sicked	2
cup	coupez	coupe	3
cup	coupez	couper	3
cup	coupez	coupé	3
cup	couper	coupe	3
cup	couper	couper	3
cup	couper	coupé	3
cup	coupé	coupe	3
cup	coupé	couper	3
cup	coupé	coupé	3
cup	coupe	cooper	3
cup	coupe	coup	3
cup	coupe	coupe	3
cup	coupe	couper	3
cup	coupe	coupé	3
cut	coupez	coupe	6
cut	coupez	couper	6
cut	coupez	coupé	6
cut	couper	coupe	6
cut	couper	couper	6
cut	couper	coupé	6
cut	coupé	coupe	6
cut	coupé	couper	6
cut	coupé	coupé	6
cut	coupe	cooper	5
cut	coupe	coup	5
cut	coupe	coupe	5
cut	coupe	couper	5
cut	coupe	coupé	5
cvs	svn	svn	2
cygne	swan	swan	3
cygnes	swan	swan	3
côtelettes	côtes	coast	2
côtelettes	côtes	cunt	2
côtelettes	côte	coast	2
côtelettes	côte	coat	2
côtier	côte	coast	2
côtier	côte	coat	2
côtier	côtes	coast	2
côtier	côtes	cunt	2
côtière	côte	coast	2
côtière	côte	coat	2
côtière	côtes	coast	2
côtière	côtes	cunt	2
côtières	côte	coast	2
côtières	côte	coat	2
côtières	côtes	coast	2
côtières	côtes	cunt	2
danny	dani	dani	3
danny	dani	danny	3
dany	dani	dani	3
dany	dani	danny	3
david	sylvie	sylvie	2
dealers	dealer	dealer	2
dealers	dealer	dele	2
degré	degrés	disgrace	2
delia	della	della	2
denis	dennis	denis	2
descendre	down	downhill	2
descendre	down	downs	2
descriptif	descriptive	decorative	2
description	descriptive	decorative	2
diagramme	graphe	graph	3
diagrammes	graphe	graph	2
dick	coq	cork	2
dick	coq	kirk	2
dictent	dicte	dicks	3
dictent	dicte	doctor	3
dictent	dicte	nicked	3
dictent	dicte	ricked	3
dictent	dicte	ticked	3
dicter	dicte	dicks	3
dicter	dicte	doctor	3
dicter	dicte	nicked	3
dicter	dicte	ricked	3
dicter	dicte	ticked	3
digère	digest	digest	2
digérer	digest	digest	2
diplomates	diplomate	diplomat	2
diplomatique	diplomate	diplomat	2
diplomatiques	diplomate	diplomat	2
directement	directs	direct	2
directement	directs	directors	2
directement	direct	direct	2
directement	direct	director	2
directement	directe	direct	2
directement	directe	director	2
disco	discothèque	discotheque	3
disco	discothèque	discothèque	3
distilleries	distillerie	distillery	2
distributeurs	dealer	dealer	2
distributeurs	dealer	dele	2
diviser	divise	davies	3
dizaine	dizaines	decent	3
dizaine	dizaines	dissing	3
dolores	delores	dolores	2
dome	dôme	dome	2
dome	dôme	doom	2
dome	dôme	dumb	2
dome	dôme	dôme	2
donation	don	dawn	4
donations	don	dawn	3
donner	don	dawn	5
donner	donne	dawn	3
donner	donne	done	3
donnez	donne	dawn	3
donnez	donne	done	3
donnez	don	dawn	2
dons	don	dawn	5
dons	donne	dawn	2
dons	donne	done	2
dory	doris	dory	2
dosage	doses	doses	2
dose	doses	doses	3
dot	dote	dirt	2
doutes	doute	doomed	3
doutes	doute	dude	3
doutes	douter	tooter	3
doutez	doute	doomed	3
doutez	doute	dude	3
doutez	douter	tooter	3
douzaine	dizaines	decent	3
douzaine	dizaines	dissing	3
douzaines	dizaines	decent	3
douzaines	dizaines	dissing	3
duel	duels	dell	2
décident	décide	deceit	3
décider	décide	deceit	3
décidez	décide	deceit	3
décoration	décor	decor	5
décorations	décor	decor	5
décorer	décor	decor	2
découpage	coupez	coupe	2
découpage	coupez	couper	2
découpage	coupez	coupé	2
découpage	couper	coupe	2
découpage	couper	couper	2
découpage	couper	coupé	2
découpage	coupé	coupe	2
découpage	coupé	couper	2
découpage	coupé	coupé	2
découpage	coupe	cooper	2
découpage	coupe	coup	2
découpage	coupe	coupe	2
découpage	coupe	couper	2
découpage	coupe	coupé	2
découpe	coupez	coupe	3
découpe	coupez	couper	3
découpe	coupez	coupé	3
découpe	couper	coupe	3
découpe	couper	couper	3
découpe	couper	coupé	3
découpe	coupé	coupe	3
découpe	coupé	couper	3
découpe	coupé	coupé	3
découpe	coupe	cooper	3
découpe	coupe	coup	3
découpe	coupe	coupe	3
découpe	coupe	couper	3
découpe	coupe	coupé	3
décrites	décrite	decreased	2
décrites	décrit	dignity	2
décrites	décrit	disagree	2
décrits	décrite	decreased	2
décrits	décrit	dignity	2
décrits	décrit	disagree	2
dédier	dédie	daddy	4
dédier	dédie	daisy	4
dédier	dédie	dd	4
dédier	dédie	deader	4
dégoûtant	brut	brute	2
dégoûtant	brutes	brute	2
dégoûtant	brute	brute	2
délia	della	della	2
dépressif	dépressive	depressive	2
dépressifs	dépressive	depressive	2
dépressions	dépression	debris your	2
déprimé	dépressive	depressive	2
déprimée	dépressive	depressive	2
déprimés	dépressive	depressive	2
désarroi	détresse	distress	3
détecter	détectent	detect	3
détecter	détecte	detect	3
détecter	détecte	detector	3
détenues	prisonniers	frisson ya	2
ecclésiastique	clerc	cleric	4
edmond	edmund	edmond	2
edmond	edmund	edmund	2
elf	elfes	elf	2
elf	elfes	self	2
elf	elfes	sylph	2
elf	elfe	elf	2
elisabeth	élisabeth	élisabeth	3
elizabeth	élisabeth	élisabeth	3
encodé	codé	cauda	2
encodé	codé	corder	2
endettement	dettes	dealt	3
endettement	dettes	debt	3
endettement	dettes	debts	3
endettement	dettes	desert	3
endettement	dette	dealt	3
endettement	dette	debt	3
endettement	dette	debts	3
endettement	dette	desert	3
endettement	dette	dirt	3
entrepreneur	entrepreneurs	entrepreneur	3
entreprises	compagnies	company	2
epi	épi	happy	2
epi	épi	lp	2
espion	espionne	espn	4
espionnage	espionne	espn	4
espionner	espionne	espn	4
espionnes	espionne	espn	2
espions	espionne	espn	4
espoir	espérance	espérance	2
espoirs	espérance	espérance	2
espère	espérance	espérance	2
espérer	espérance	espérance	2
ess	sbs	sbs	2
essai	tests	test	2
essai	tests	tested	2
essai	tests	testing	2
essai	tests	tests	2
essai	test	test	2
essai	test	testa	2
essai	test	testing	2
essai	test	tests	2
essai	test	tossed	2
essai	test	zest	2
essai	tester	test	2
essai	tester	testa	2
essai	tester	testing	2
essai	tester	testis	2
essai	tester	tests	2
essai	tester	testy	2
essais	tests	test	2
essais	tests	tested	2
essais	tests	testing	2
essais	tests	tests	2
essais	test	test	2
essais	test	testa	2
essais	test	testing	2
essais	test	tests	2
essais	test	tossed	2
essais	test	zest	2
essais	tester	test	2
essais	tester	testa	2
essais	tester	testing	2
essais	tester	testis	2
essais	tester	tests	2
essais	tester	testy	2
esthétiques	esthétique	it attack	2
ethnicité	ethnie	any	2
ethnique	ethnie	any	2
ethniques	ethnie	any	2
etienne	stephen	stefan	3
etienne	stephen	stephan	3
eve	ève	ever	2
eve	ève	never	2
eve	ève	of	2
evil	mal	mild	2
evil	mal	model	2
evil	mal	morale	2
exactement	exactes	exact	2
exactement	exact	exact	2
exactement	exacte	exact	2
exciter	excite	exceed	3
exciter	excite	exceeded	3
exciter	excite	excite	3
exciter	excite	extent	3
exclusif	exclusive	exclusive	2
exclusif	exclusive	exclusively	2
exclusif	exclusives	exclusive	2
exclusif	exclusives	exclusively	2
exclusifs	exclusive	exclusive	2
exclusifs	exclusive	exclusively	2
exclusifs	exclusives	exclusive	2
exclusifs	exclusives	exclusively	2
exclusivité	exclusive	exclusive	2
exclusivité	exclusive	exclusively	2
exclusivité	exclusives	exclusive	2
exclusivité	exclusives	exclusively	2
excédent	excès	excess	2
excédent	excès	excesses	2
excédent	excès	xd	2
excédentaires	excès	excess	2
excédentaires	excès	excesses	2
excédentaires	excès	xd	2
exilé	exil	exil	4
exilé	exil	exile	4
exilés	exil	exil	4
exilés	exil	exile	4
exister	existe	exist	2
explicitement	expressément	expressly	3
explicitement	explicites	explicit	2
exploiter	exploit	exploit	2
explosible	explosif	explosive	2
explosible	explosives	explosive	2
explosible	explosives	explosives	2
explosible	explosive	explosive	2
explosible	explosive	explosives	2
explosible	explosifs	explosive	2
exportateur	exporter	export	5
exportateurs	exporter	export	5
exportation	exporter	export	5
exportations	exporter	export	3
exposition	exposer	expose	4
exposition	exposer	exposure	4
expositions	exposer	expose	3
expositions	exposer	exposure	3
exprimant	express	express	2
exprimant	express	expressed	2
exprimant	expresse	express	2
exprimant	expresse	expressed	2
exprimant	expresse	expressing	2
exprimant	exprès	express	2
exprimant	exprès	expressed	2
exprimant	exprès	expressing	2
exprimer	express	express	2
exprimer	express	expressed	2
exprimer	expresse	express	2
exprimer	expresse	expressed	2
exprimer	expresse	expressing	2
exprimer	exprès	express	2
exprimer	exprès	expressed	2
exprimer	exprès	expressing	2
extraire	extrait	extra	5
extraire	extrait	extract	5
extraire	extrait	irked raw	5
extraire	extraits	extra	5
extraire	extraits	extract	5
extraire	extraits	extraction	5
extraire	extraits	irked raw	5
extraire	extraites	extract	3
extraire	extraite	extent	3
extraire	extraite	extract	3
extrémisme	extrémiste	extremist	3
extrémisme	extrémistes	extremist	3
extérieur	externe	extension	2
extérieur	externe	extensions	2
extérieur	exterieur	exterior	2
extérieur	externes	extensive	2
extérieure	externe	extension	2
extérieure	externe	extensions	2
extérieure	exterieur	exterior	2
extérieure	externes	extensive	2
extérieures	externe	extension	2
extérieures	externe	extensions	2
extérieures	exterieur	exterior	2
extérieures	externes	extensive	2
extérieurs	externe	extension	2
extérieurs	externe	extensions	2
extérieurs	exterieur	exterior	2
extérieurs	externes	extensive	2
fans	fan	fun	2
fatale	fatal	final	4
fatale	mortels	mortal	3
fatale	mortels	mortality	3
fatale	mortel	mortal	3
fatale	mortelle	mortal	3
faute	fester	fester	2
faux	fausse	force	3
faux	false	false	2
faux	fausses	force	2
faux	fraude	fraud	2
faux	fraudes	fraud	2
felix	félix	félix	2
femelles	femme	fame	3
femelles	femme	from	3
femelles	femelle	familiar	3
femmes	femme	fame	3
femmes	femme	from	3
femmes	femelle	familiar	3
ferry	ferries	ferries	2
ferry	ferries	ferry	2
fes	fès	fes	3
fes	fès	fez	3
fes	fès	fès	3
fes	fez	fess	3
festivités	festivals	festival	2
festivités	festivals	fit evil	2
festivités	fêtes	fest	2
fete	fête	felt	5
fete	festival	festival	2
fete	festival	fit evil	2
fete	festin	fest	2
finir	fini	fenny	2
finir	fini	teeny	2
finis	fini	fenny	2
finis	fini	teeny	2
fiole	flasque	flask	4
flatter	flatte	flat	2
flatteur	flatte	flat	2
fleurir	fleurs	fleur	2
fleurir	fleur	fleur	2
flexibilité	flexible	flexible	2
flexibilité	flexibles	flexible	2
flux	flow	blow	2
flux	flow	flows	2
fonderies	fonderie	foundry	2
forcer	force	fierce	2
forcer	force	force	2
forestier	forêt	foresees	6
forestier	forêt	photo	6
forestier	foresterie	forestry	4
foret	forêt	foresees	6
foret	forêt	photo	6
foret	foresterie	forestry	4
foreuse	forêt	foresees	2
foreuse	forêt	photo	2
forger	forge	forge	2
forger	forge	forged	2
formatage	format	format	2
formater	format	format	2
forçant	force	fierce	2
forçant	force	force	2
forêts	forêt	foresees	6
forêts	forêt	photo	6
forêts	foresterie	forestry	4
fragile	frêle	frail	2
fragile	frêle	frill	2
fragiles	frêle	frail	2
fragiles	frêle	frill	2
fragilité	frêle	frail	2
fragilité	frêle	frill	2
frangin	frere	frere	2
frangin	frere	frère	2
frangin	frère	frere	2
frangin	frère	frère	2
freddy	freddie	freddie	2
freddy	freddie	freddy	2
frederic	frédéric	frédéric	4
frederic	friedrich	friedrich	4
frederick	frédéric	frédéric	4
frederick	friedrich	friedrich	4
frigidaire	frigo	frigo	5
frire	frites	frit	3
frire	frit	free	3
frire	frit	freed	3
frite	frites	frit	4
frite	frit	free	4
frite	frit	freed	4
friture	frit	free	4
friture	frit	freed	4
friture	frites	frit	3
fry	frites	frit	3
fry	frit	free	3
fry	frit	freed	3
furieuse	fou	fous	2
furieuse	fou	fu	2
furieuse	folle	fall	2
furieuse	folle	falls	2
furieuse	folle	false	2
furieuse	folle	fault	2
furieux	fou	fous	2
furieux	fou	fu	2
furieux	folle	fall	2
furieux	folle	falls	2
furieux	folle	false	2
furieux	folle	fault	2
féerique	fées	fée	4
féerique	fée	fée	4
féminin	femme	fame	3
féminin	femme	from	3
féminin	femelle	familiar	3
féminine	femme	fame	2
féminine	femme	from	2
féminine	femelle	familiar	2
féminines	femme	fame	2
féminines	femme	from	2
féminines	femelle	familiar	2
fétide	fester	fester	2
galeries	gallerie	gallery	2
galeries	galerie	gallery	2
gallery	gallerie	gallery	2
gallery	galerie	gallery	2
gamelle	bol	bald	2
gamelle	bol	balder	2
gamelle	bol	ball	2
gamelle	bol	bally	2
gamelle	bol	bawling	2
gardien	garde	garde	6
gardien	garde	guard	6
gardien	garde	guided	6
gardien	garde	regard	6
gardien	garde	regarded	6
gardien	gardes	garde	6
gardien	gardes	guard	6
gardienne	garde	garde	3
gardienne	garde	guard	3
gardienne	garde	guided	3
gardienne	garde	regard	3
gardienne	garde	regarded	3
gardienne	gardes	garde	3
gardienne	gardes	guard	3
gardiens	gardes	garde	4
gardiens	gardes	guard	4
gardiens	garde	garde	3
gardiens	garde	guard	3
gardiens	garde	guided	3
gardiens	garde	regard	3
gardiens	garde	regarded	3
gate	porte	porte	2
gate	porte	report	2
gaulois	gaule	goal	5
gaulois	gaule	goals	5
geneviève	genevieve	genevieve	2
geneviève	genevieve	geneviève	2
gfp	pfm	pfm	2
gloire	glorieux	glory	2
glorieuse	glorieux	glory	2
glory	glorieux	glory	2
graisseux	grasse	grasse	3
graisseux	grasse	grease	3
graisseux	gros	grosse	3
graisseux	gros	grow	3
graisseux	graisse	grasse	3
graisseux	graisse	grease	3
graisseux	graisse	guess	3
graisseux	graisses	grasse	3
graisseux	graisses	grease	3
grammy	mamie	mammy	3
grammy	mamie	miami	3
grammy	mamie	mommy	3
granada	grenade	grenade	4
granada	grenades	grenade	4
grand	grande	grand	5
grand	grande	grande	5
grand	grande	granted	5
grand	gros	grosse	4
grand	gros	grow	4
grand	grandes	grand	4
grand	grandes	grande	4
grand	grosse	gross	4
grand	grosse	grosse	4
grandiose	gros	grosse	2
grandiose	gros	grow	2
grandiose	grande	grand	2
grandiose	grande	grande	2
grandiose	grande	granted	2
grandiose	grandes	grand	2
grandiose	grandes	grande	2
grandiose	grosse	gross	2
grandiose	grosse	grosse	2
grands	grandes	grand	4
grands	grandes	grande	4
grands	grande	grand	4
grands	grande	grande	4
grands	grande	granted	4
grands	gros	grosse	3
grands	gros	grow	3
grands	grosse	gross	3
grands	grosse	grosse	3
graphes	graphe	graph	2
graphique	graphe	graph	3
graphiques	graphe	graph	3
graphisme	graphe	graph	3
graphismes	graphe	graph	3
gras	grasse	grasse	4
gras	grasse	grease	4
gras	gros	grosse	4
gras	gros	grow	4
gras	graisse	grasse	4
gras	graisse	grease	4
gras	graisse	guess	4
gras	graisses	grasse	4
gras	graisses	grease	4
gray	gris	agree	3
gray	gris	greet	3
gray	gris	greeter	3
gray	gris	grief	3
gray	gris	grist	3
gray	gris	grit	3
greco	gréco	gréco	2
gregory	grégoire	grégoire	3
grillades	grill	creel	4
grillades	grill	grille	4
grillades	gril	grill	4
grillades	gril	grille	4
griller	gril	grill	4
griller	gril	grille	4
griller	grill	creel	4
griller	grill	grille	4
grilles	grill	creel	4
grilles	grill	grille	4
grilles	gril	grill	4
grilles	gril	grille	4
grillé	gril	grill	4
grillé	gril	grille	4
grillé	grill	creel	4
grillé	grill	grille	4
grillée	gril	grill	4
grillée	gril	grille	4
grillée	grill	creel	4
grillée	grill	grille	4
grillées	gril	grill	4
grillées	gril	grille	4
grillées	grill	creel	4
grillées	grill	grille	4
grillés	gril	grill	4
grillés	gril	grille	4
grillés	grill	creel	4
grillés	grill	grille	4
grise	gris	agree	3
grise	gris	greet	3
grise	gris	greeter	3
grise	gris	grief	3
grise	gris	grist	3
grise	gris	grit	3
grottes	grotte	grot	2
grégory	grégoire	grégoire	3
guardian	garde	garde	3
guardian	garde	guard	3
guardian	garde	guided	3
guardian	garde	regard	3
guardian	garde	regarded	3
guardian	gardes	garde	3
guardian	gardes	guard	3
gustav	gustave	coot of	2
guy	gars	ga	3
guy	gars	guy	3
géorgie	georgie	georgie	3
géorgien	georgie	georgie	2
géorgienne	georgie	georgie	2
géorgiens	georgie	georgie	2
habiles	habile	amyl	2
hardcore	hard	shattered	2
heavy	heavyweight	heavyweight	2
helen	ellen	ellen	5
helene	ellen	ellen	4
histoire	historique	eat auric	3
histoire	historiques	eat auric	3
hostilité	hostiles	ought eel	3
hostilité	hostile	ought eel	3
hélène	ellen	ellen	5
icc	sic	secret	2
icc	sic	seek	2
icc	sic	seeking	2
icc	sic	seeks	2
icc	sic	slick	2
icc	sic	speak	2
impulsion	pouls	boo	3
impulsion	pouls	poo	3
impulsion	pouls	pooh	3
impulsions	pouls	boo	3
impulsions	pouls	poo	3
impulsions	pouls	pooh	3
infographie	graphe	graph	3
injecter	injecte	inject	2
injection	injecte	inject	2
insistant	stresser	stressing	3
inspecteur	détective	detective	2
inspectrice	détective	detective	2
installation	installer	it olla	3
installe	installer	it olla	3
installent	installer	it olla	3
ist	mst	mst	5
jaquette	veste	fessed	3
jaquette	veste	vest	3
jaquette	veste	vestry	3
jaquette	veste	vet	3
jaquette	veste	vista	3
jaquette	veste	zest	3
jeremiah	jeremy	jeremy	2
jeremiah	jérémy	jérémie	2
jeremiah	jérémy	jérémy	2
jewel	bijou	bijou	2
justifiant	justifie	shoot iffy	2
justifient	justifie	shoot iffy	3
justifier	justifie	shoot iffy	3
jérémie	jeremy	jeremy	3
jérémie	jérémy	jérémie	3
jérémie	jérémy	jérémy	3
karin	karine	karine	2
karting	kart	cart	2
karting	kart	kart	2
latin	latino	latino	2
latina	latino	latino	3
latina	latinos	latino	2
latine	latino	latino	3
latine	latinos	latino	2
latines	latino	latino	3
latines	latinos	latino	2
laura	laure	laura	2
laura	laure	laure	2
laura	laure	lord	2
legacy	legs	leg	2
legacy	legs	legs	2
lemon	lime	liam	2
lentille	lens	lens	3
lentille	lens	lenses	3
lentilles	lens	lens	3
lentilles	lens	lenses	3
letton	lettone	lessen	2
lettonie	lettone	lessen	2
lettons	lettone	lessen	2
lily	lys	lease	2
linoléum	lino	lino	2
lip	lèvre	letter	3
loups	loup	lou	2
loups	loup	luke	2
loups	loup	luther	2
louve	loup	lou	2
louve	loup	luke	2
louve	loup	luther	2
loyal	fidèle	fidèle	3
loyal	fidèles	fidèle	3
loyale	fidèle	fidèle	3
loyale	fidèles	fidèle	3
lucia	lucie	lucie	3
lucia	lucie	lucy	3
lucy	lucie	lucie	3
lucy	lucie	lucy	3
luge	sledge	sled	2
luge	sledge	sledding	2
luge	sledge	sledge	2
lulu	loulou	loulou	2
lulu	loulou	lulu	2
lune	lunaire	lunaire	2
lèvres	lèvre	letter	3
lépreux	lèpre	leper	3
lépreux	lèpre	lepers	3
lépreux	lèpre	leprosy	3
létale	fatal	final	2
macros	macro	macro	2
macros	macro	micro	2
macroéconomique	macro	macro	2
macroéconomique	macro	micro	2
madame	dame	dam	3
madame	dame	damn	3
madame	dame	dime	3
madame	dame	jam	3
mademoiselle	miss	miss	2
mademoiselle	melle	melle	2
magic	magie	marshy	2
magiques	magie	marshy	2
maitre	maître	mentor	2
malien	mali	mali	3
malien	mali	mallee	3
malien	mali	manly	3
malien	mali	marly	3
malien	mali	molly	3
malienne	mali	mali	3
malienne	mali	mallee	3
malienne	mali	manly	3
malienne	mali	marly	3
malienne	mali	molly	3
maliens	mali	mali	3
maliens	mali	mallee	3
maliens	mali	manly	3
maliens	mali	marly	3
maliens	mali	molly	3
mama	mère	meta	5
maman	mère	meta	5
mamans	mères	meta	3
manifestation	protester	protest	4
manifestation	protester	protests	4
manual	manuel	manuel	2
manuelle	manuel	manuel	2
manuels	manuel	manuel	2
marcher	marche	marsh	2
marches	marche	marsh	3
margaret	marguerite	marguerite	3
margarita	marguerite	marguerite	3
marges	marge	marge	2
maria	marie	marie	4
maria	marie	married	4
maria	marie	mary	4
maria	marie	mighty	4
marin	marine	marine	2
marins	marine	marine	2
mark	marque	marc	2
mark	marque	mark	2
mark	marque	marked	2
mark	marque	markers	2
mark	marque	market	2
mark	marque	remark	2
marks	marques	mark	3
marquer	marque	marc	2
marquer	marque	mark	2
marquer	marque	marked	2
marquer	marque	markers	2
marquer	marque	market	2
marquer	marque	remark	2
marron	brunes	brune	2
marron	brune	brune	2
mars	marche	marsh	3
martin	martine	martina	4
martin	martine	martine	4
martina	martine	martina	3
martina	martine	martine	3
martín	martine	martina	4
martín	martine	martine	4
mary	marie	marie	5
mary	marie	married	5
mary	marie	mary	5
mary	marie	mighty	5
maría	marie	marie	4
maría	marie	married	4
maría	marie	mary	4
maría	marie	mighty	4
masculin	man	manner	3
masculin	man	mind	3
masculin	man	mine	3
masculin	man	modern	3
masculin	man	mon	3
masculin	mec	mec	3
masculin	mec	mega	3
masculine	man	manner	2
masculine	man	mind	2
masculine	man	mine	2
masculine	man	modern	2
masculine	man	mon	2
masculine	mec	mec	2
masculine	mec	mega	2
masculins	man	manner	3
masculins	man	mind	3
masculins	man	mine	3
masculins	man	modern	3
masculins	man	mon	3
masculins	mec	mec	3
masculins	mec	mega	3
master	maître	mentor	2
matelot	marine	marine	2
maxim	maxi	maxi	4
maxim	maximum	maximum	4
maxim	maxime	maximum	4
maxim	max	macks	4
maxim	max	macs	4
maxim	max	mags	4
maxim	max	marks	4
maxim	max	marques	4
maxim	max	max	4
maxim	maxine	maxine	4
maximal	maxi	maxi	2
maximal	max	macks	2
maximal	max	macs	2
maximal	max	mags	2
maximal	max	marks	2
maximal	max	marques	2
maximal	max	max	2
maximale	maxi	maxi	2
maximale	max	macks	2
maximale	max	macs	2
maximale	max	mags	2
maximale	max	marks	2
maximale	max	marques	2
maximale	max	max	2
maximales	maxi	maxi	2
maximales	max	macks	2
maximales	max	macs	2
maximales	max	mags	2
maximales	max	marks	2
maximales	max	marques	2
maximales	max	max	2
meilleur	meilleures	medicare	2
meilleure	meilleures	medicare	2
meilleurs	meilleures	medicare	2
melody	mélodie	mélodie	3
melody	mélodies	mélodie	3
meme	mêmes	member	2
meme	mêmes	memoir	2
meme	même	madame	2
meme	même	memo	2
meme	même	mm	2
meme	même	remember	2
mercure	mercury	mercury	2
mere	mère	meta	5
mexicain	mexicaines	mexican	2
mexicain	mexicaine	mexican	2
mexicains	mexicaines	mexican	2
mexicains	mexicaine	mexican	2
michael	michel	michelle	2
michael	michel	mitchell	2
michele	michèle	michele	3
michele	michèle	michelle	3
michele	michèle	michèle	3
michele	michelle	michele	3
michele	michelle	michelle	3
michele	michelle	michèle	3
miles	milles	meal	2
miles	milles	mil	2
mill	moulin	moulin	2
millet	mil	meal	2
minet	minette	minette	2
minier	mines	mean	2
minier	mines	mien	2
minière	mines	mean	2
minière	mines	mien	2
minou	minette	minette	2
miriam	marie	marie	3
miriam	marie	married	3
miriam	marie	mary	3
miriam	marie	mighty	3
mixage	mix	mix	3
mlle	miss	miss	2
mlle	melle	melle	2
modestement	modestes	modeste	3
modestement	modeste	modeste	3
moisi	moule	moolah	6
moisissure	moule	moolah	4
moisissures	moule	moolah	4
mom	mère	meta	5
moon	lunaire	lunaire	2
moqueries	moquerie	mockery	2
moqueur	moquerie	mockery	2
moral	moraux	monroe	4
morale	moraux	monroe	4
moralité	moraux	monroe	4
morgana	morgan	morgan	3
morgana	morgan	morgana	3
morgana	morgan	morgane	3
morgana	morgane	morgan	3
morgana	morgane	morgana	3
morgana	morgane	morgane	3
mortuaire	morgue	morgue	2
motion	mouvements	movement	2
motion	mouvement	movement	2
moules	moule	moolah	3
moulées	moulé	moolah	2
moulés	moulé	moolah	2
moustaches	moustache	moot ash	3
movement	mouvements	movement	3
movement	mouvement	movement	3
moïse	moses	moses	2
mum	mère	meta	5
myriam	marie	marie	5
myriam	marie	married	5
myriam	marie	mary	5
myriam	marie	mighty	5
mâle	man	manner	3
mâle	man	mind	3
mâle	man	mine	3
mâle	man	modern	3
mâle	man	mon	3
mâle	mec	mec	3
mâle	mec	mega	3
mâts	mât	mi	2
mâts	mât	my	2
mème	mêmes	member	2
mème	mêmes	memoir	2
mème	même	madame	2
mème	même	memo	2
mème	même	mm	2
mème	même	remember	2
médicament	médecine	mad in	2
médicaments	médecine	mad in	2
médication	médecine	mad in	2
mémoires	mémoire	memoir	2
mémorial	memorial	memorial	2
nazi	nazis	nasty	2
nazie	nazis	nasty	2
negro	nègre	nègre	4
negro	nègres	nègre	4
nei	nis	nei	2
nero	néron	nato	2
nerveuses	nerf	netty	2
nichée	niché	nisi	2
niño	nino	nino	2
nordique	nord	nor	4
nordique	nord	north	4
nordiques	nord	nor	2
nordiques	nord	north	2
northern	nord	nor	4
northern	nord	north	4
notez	note	naught	3
nourrice	nounou	noon	2
néant	nil	neil	3
néant	nil	null	3
négro	nègre	nègre	6
négro	nègres	nègre	6
offrande	offre	offer	2
offrant	offre	offer	2
offrir	offre	offer	3
offrir	offres	offer	2
offrir	offres	offering	2
ordonnance	ordres	order	2
ordonnance	ordres	orders	2
ordonnances	ordres	order	2
ordonnances	ordres	orders	2
organisme	organe	organ	2
organisme	corps	corps	2
organisme	corps	corrie	2
organisme	corps	quarter	2
organisée	organisé	organisation	2
organisées	organisé	organisation	2
organisés	organisé	organisation	2
osc	sco	sco	2
ouaip	yep	yep	2
pal	pote	pawed	2
pal	pote	point	2
pal	pote	port	2
pal	pote	porter	2
pal	pote	ports	2
pal	pote	put	2
palace	palais	pallor	2
palace	palais	parlor	2
palace	palais	parlour	2
palestinienne	palestine	pallet in	3
palestinienne	palestinien	pallet inner	3
palestinienne	palestiniens	pallet inner	3
palm	paume	palmer	3
palm	paume	performer	3
palm	paume	pom	3
palme	paume	palmer	3
palme	paume	performer	3
palme	paume	pom	3
palmier	paume	palmer	3
palmier	paume	performer	3
palmier	paume	pom	3
palmiers	paume	palmer	2
palmiers	paume	performer	2
palmiers	paume	pom	2
papas	pères	pair	2
papas	pères	pairs	2
paquet	parcelle	marcel	2
paquet	parcelle	parcel	2
paquetage	parcelle	marcel	2
paquetage	parcelle	parcel	2
parasitaires	pest	pest	2
parasitaires	pest	pests	2
parasitaires	peste	based	2
parasitaires	peste	best	2
parasitaires	peste	bust	2
parasitaires	peste	obsessed	2
parasitaires	peste	paste	2
parasitaires	peste	pest	2
parasitaires	peste	pests	2
parasitaires	peste	pissed	2
parasitaires	peste	possessed	2
parasitaires	peste	test	2
parasite	pest	pest	4
parasite	pest	pests	4
parasite	peste	based	4
parasite	peste	best	4
parasite	peste	bust	4
parasite	peste	obsessed	4
parasite	peste	paste	4
parasite	peste	pest	4
parasite	peste	pests	4
parasite	peste	pissed	4
parasite	peste	possessed	4
parasite	peste	test	4
parasites	pest	pest	4
parasites	pest	pests	4
parasites	peste	based	4
parasites	peste	best	4
parasites	peste	bust	4
parasites	peste	obsessed	4
parasites	peste	paste	4
parasites	peste	pest	4
parasites	peste	pests	4
parasites	peste	pissed	4
parasites	peste	possessed	4
parasites	peste	test	4
parcelles	parcelle	marcel	2
parcelles	parcelle	parcel	2
parties	pièces	yes	2
pass	passent	paris	4
pass	passent	paths	4
pass	passent	perhaps	4
pass	passent	pots	4
pass	passes	paths	3
passant	passent	paris	2
passant	passent	paths	2
passant	passent	perhaps	2
passant	passent	pots	2
passe	passent	paris	4
passe	passent	paths	4
passe	passent	perhaps	4
passe	passent	pots	4
passe	passes	paths	3
passer	passent	paris	4
passer	passent	paths	4
passer	passent	perhaps	4
passer	passent	pots	4
passer	passes	paths	3
paumes	paume	palmer	2
paumes	paume	performer	2
paumes	paume	pom	2
peach	pêcheries	specialty	2
pee	pisse	peace	3
pee	pisse	peas	3
pee	pisse	pease	3
pee	pisse	pee	3
pee	pisse	pees	3
pee	pisse	piece	3
pee	pisse	pits	3
pee	pipi	pappy	3
pee	pipi	pd	3
pee	pipi	pee	3
pee	pipi	people	3
pee	pipi	peppy	3
pee	pipi	pipi	3
pee	pipi	pp	3
pee	pipi	preppy	3
pee	pipi	pt	3
peer	pair	bare	2
peer	pair	better	2
peer	pair	pair	2
peer	pair	pairs	2
peer	pair	pierre	2
peer	pairs	pair	2
peer	paires	pair	2
peer	paires	pairs	2
peer	paire	pair	2
peer	paire	pairs	2
perdrix	partridge	partridge	2
pessimisme	pessimistes	pessimist	3
pessimisme	pessimiste	pessimist	3
pesticide	pesticides	pet acid	2
peter	pierre	pair	2
peter	pierre	pierre	2
peter	pierre	pure	2
peter	pierres	pierre	2
peu	petites	petit	2
peu	petites	petite	2
peu	petites	petits	2
peu	petits	petit	2
peu	petits	petite	2
peu	petits	petits	2
peu	petits	potty	2
peu	petits	putty	2
peu	petite	petit	2
peu	petite	petite	2
peu	petite	petits	2
peu	petit	petit	2
peu	petit	petite	2
peu	petit	petits	2
peu	petit	potty	2
peu	petit	putty	2
pieuse	piles	appeal	2
pieuse	piles	peel	2
pieuse	piles	pl	2
pieux	piles	appeal	2
pieux	piles	peel	2
pieux	piles	pl	2
piment	pepper	pepper	3
piments	pepper	pepper	2
pinnacle	pic	peak	2
pinnacle	pic	peek	2
pip	pep	pep	2
pip	pep	prep	2
piquant	piquante	piquant	2
piquets	piles	appeal	2
piquets	piles	peel	2
piquets	piles	pl	2
pisser	pisse	peace	5
pisser	pisse	peas	5
pisser	pisse	pease	5
pisser	pisse	pee	5
pisser	pisse	pees	5
pisser	pisse	piece	5
pisser	pisse	pits	5
pisser	pipi	pappy	5
pisser	pipi	pd	5
pisser	pipi	pee	5
pisser	pipi	people	5
pisser	pipi	peppy	5
pisser	pipi	pipi	5
pisser	pipi	pp	5
pisser	pipi	preppy	5
pisser	pipi	pt	5
pius	pie	pea	2
pius	pie	pee	2
pius	pie	pier	2
plains	plaine	plain	3
plains	plaine	plaine	3
plains	plaine	plenty	3
plains	plaines	plain	3
plains	plaines	plaine	3
plaire	plaisant	pleasant	2
plateau	plaque	plaque	2
plateau	plaque	pluck	2
platinum	platines	platine	2
platinum	platine	platine	2
plomberie	pipes	peep	3
plombier	pipes	peep	3
plugin	plugins	plugins	2
pochette	poches	portion	2
pochette	poche	posh	2
pocket	poches	portion	3
pocket	poche	posh	3
pointes	pics	peak	3
pointes	pics	peaks	3
pointes	pics	peek	3
pointes	piques	peak	3
pointes	piques	peaks	3
pointes	piques	peek	3
pointes	piques	pick	3
pointes	piques	pique	3
pointes	piques	piques	3
pointes	piques	speak	3
poivre	pepper	pepper	3
poivron	pepper	pepper	3
poivrons	pepper	pepper	3
pole	pôle	pole	5
pole	pôle	pôle	5
pole	pôles	pole	3
policier	police	police	2
policier	police	policeman	2
policiers	police	police	2
policiers	police	policeman	2
policière	police	police	2
policière	police	policeman	2
politesse	poli	bally	5
politesse	poli	poli	5
politesse	poli	poorly	5
politesse	poli	purely	5
politesse	polie	poli	5
politesse	polie	poorly	5
politesse	polis	poli	5
politesse	polis	poorly	5
politesse	polies	poli	4
polonais	pôle	pole	5
polonais	pôle	pôle	5
polonais	pôles	pole	4
polonais	postes	post	2
polonaise	pôles	pole	3
polonaise	pôle	pole	3
polonaise	pôle	pôle	3
polonaises	pôles	pole	3
polonaises	pôle	pole	3
polonaises	pôle	pôle	3
pont	passerelle	passerelle	2
pops	pop	pope	2
porcin	porcine	porcine	2
porcins	porcine	porcine	2
porcs	porcine	porcine	2
pornographie	porno	porn	3
pornographique	porno	porn	2
posant	posent	pose	3
posant	posent	poses	3
posant	poses	pose	3
posant	poses	poses	3
pose	posent	pose	3
pose	posent	poses	3
pose	poses	pose	3
pose	poses	poses	3
poser	posent	pose	3
poser	posent	poses	3
poser	poses	pose	3
poser	poses	poses	3
poteau	pôle	pole	4
poteau	pôle	pôle	4
poteau	pôles	pole	2
poteaux	pôles	pole	3
poteaux	postes	post	2
poteaux	pôle	pole	2
poteaux	pôle	pôle	2
poussant	pousse	puts	2
pousser	pousse	puts	2
poussez	pousse	puts	2
pre	pré	pray	2
pre	pré	prey	2
pre	pré	pré	2
pre	prairies	prairie	2
pre	prairies	prairies	2
pre	prairies	pre	2
pre	prairie	prairie	2
pre	prairie	prairies	2
pre	prairie	pre	2
premier	premiers	promoting	3
premier	premières	premier	3
premier	premières	premiere	3
premier	première	premier	3
premier	première	premiere	3
premium	prime	premium	3
premium	primes	premium	2
preuves	preuve	preserve	2
preuves	preuve	prev	2
priant	prière	prayer	4
priant	prières	prayer	4
priant	prie	pre	3
prier	prières	prayer	4
prier	prière	prayer	4
prier	prie	pre	4
priez	prie	pre	4
priez	prière	prayer	3
priez	prières	prayer	3
primaires	primaire	perimeter	3
primaires	primaire	prepare	3
primaires	primaire	prepared	3
primaires	primaire	prepares	3
primaires	primaire	primarily	3
prisonnières	prisonniers	frisson ya	2
privilèges	privilège	previous	3
privilégié	privilège	previous	4
privilégiée	privilège	previous	4
privilégiées	privilège	previous	4
privilégiés	privilège	previous	4
procédé	processus	process	2
procédés	processus	process	2
promesse	promise	promises	3
promesses	promise	promises	3
promets	promise	promises	3
promettre	promise	promises	3
promis	promise	promises	3
promises	promise	promises	3
prospecter	exploration	explore	2
prospection	exploration	explore	2
protecteur	protecteurs	protected	3
protecteur	protectrice	protects	3
protestation	protester	protest	4
protestation	protester	protests	4
protestations	protester	protest	4
protestations	protester	protests	4
protéique	protéine	protein	2
protéique	protéines	protein	2
pruneaux	prune	prune	2
pruneaux	prunes	prune	2
présidence	chaise	shells	2
présidence	président	precede	2
présidence	président	proceed	2
prêcher	prêche	pressure	3
pts	pls	pls	3
publication	publie	publicity	2
publication	publie	publicly	2
publication	poste	post	2
publication	poste	posted	2
publication	poste	posters	2
publication	poste	posts	2
publication	poste	pushed	2
publier	publie	publicity	3
publier	publie	publicly	3
publier	poste	post	2
publier	poste	posted	2
publier	poste	posters	2
publier	poste	posts	2
publier	poste	pushed	2
publiez	publie	publicity	3
publiez	publie	publicly	3
publiez	poste	post	2
publiez	poste	posted	2
publiez	poste	posters	2
publiez	poste	posts	2
publiez	poste	pushed	2
pulpe	pâte	pat	2
pulpe	pâte	pint	2
pulpe	pâte	popped	2
pulpe	pâte	pot	2
pulpe	pâte	spite	2
pulsation	pouls	boo	3
pulsation	pouls	poo	3
pulsation	pouls	pooh	3
pulsations	pouls	boo	3
pulsations	pouls	poo	3
pulsations	pouls	pooh	3
pulsion	pouls	boo	2
pulsion	pouls	poo	2
pulsion	pouls	pooh	2
punition	peine	ben	2
punition	peine	pain	2
punition	peine	pen	2
punition	peine	pence	2
punition	peine	penning	2
punition	peine	pennis	2
punition	peine	pens	2
punition	peine	person	2
punition	peine	pin	2
punition	peine	spencer	2
punition	peine	spent	2
punitions	peine	ben	2
punitions	peine	pain	2
punitions	peine	pen	2
punitions	peine	pence	2
punitions	peine	penning	2
punitions	peine	pennis	2
punitions	peine	pens	2
punitions	peine	person	2
punitions	peine	pin	2
punitions	peine	spencer	2
punitions	peine	spent	2
push	pousse	puts	2
putin	poutine	poutine	2
pâtes	pâte	pat	3
pâtes	pâte	pint	3
pâtes	pâte	popped	3
pâtes	pâte	pot	3
pâtes	pâte	spite	3
pénalité	peines	ben	2
pénalité	peines	pen	2
pénalité	peines	pens	2
pénalité	peine	ben	2
pénalité	peine	pain	2
pénalité	peine	pen	2
pénalité	peine	pence	2
pénalité	peine	penning	2
pénalité	peine	pennis	2
pénalité	peine	pens	2
pénalité	peine	person	2
pénalité	peine	pin	2
pénalité	peine	spencer	2
pénalité	peine	spent	2
pénalités	peines	ben	2
pénalités	peines	pen	2
pénalités	peines	pens	2
pénalités	peine	ben	2
pénalités	peine	pain	2
pénalités	peine	pen	2
pénalités	peine	pence	2
pénalités	peine	penning	2
pénalités	peine	pennis	2
pénalités	peine	pens	2
pénalités	peine	person	2
pénalités	peine	pin	2
pénalités	peine	spencer	2
pénalités	peine	spent	2
pétitions	pétition	petit your	2
pêche	pêcheries	specialty	2
pêcher	pêcheries	specialty	2
pêcherie	pêcheries	specialty	3
pêches	pêcheries	specialty	2
queue	coq	cork	3
queue	coq	kirk	3
queues	coq	cork	2
queues	coq	kirk	2
quota	quotas	catarrh	3
québécois	quebec	quebec	3
québécois	quebec	québec	3
québécois	québec	quebec	3
québécois	québec	québec	3
rabais	remise	remedies	2
raideur	rigueur	rigueur	3
rally	rallyes	rally	2
rappeur	rap	rapper	2
rappeurs	rap	rapper	2
rapport	rapports	rapport	3
rareté	rares	writer	2
rareté	rare	writers	2
recette	recettes	russet	4
recrue	recrute	recruit	3
recruter	recrute	recruit	3
rectificatif	correcte	correct	2
rectificatif	correct	correct	2
rectification	correcte	correct	2
rectification	correct	correct	2
regret	regrette	regret	3
regret	regrette	regrets	3
regrets	regrette	regret	3
regrets	regrette	regrets	3
regrettant	regrette	regret	2
regrettant	regrette	regrets	2
regretter	regrette	regret	3
regretter	regrette	regrets	3
regroupé	groupées	grouped	2
regroupé	groupés	grouped	2
regroupé	groupé	grouped	2
regroupés	groupées	grouped	2
regroupés	groupés	grouped	2
regroupés	groupé	grouped	2
remises	remise	remedies	2
renee	renée	renee	2
renouveler	renouveau	renouveau	3
renouvelle	renouveau	renouveau	3
renouvellement	renouveau	renouveau	4
renouvellements	renouveau	renouveau	3
reportage	rapports	rapport	4
reportages	rapports	rapport	4
reprendre	repris	rebury	2
reprenez	repris	rebury	2
reprise	repris	rebury	2
représailles	riposte	reinforced	5
resistance	résistance	receipt arse	5
resta	resté	rest	3
restait	resté	rest	3
revenu	recettes	russet	4
revenus	recettes	russet	4
reçu	recettes	russet	2
reçue	recettes	russet	2
reçues	recettes	russet	2
reçus	recettes	russet	4
rigide	rigueur	rigueur	3
rigides	rigueur	rigueur	3
rigidité	rigueur	rigueur	3
rigidités	rigueur	rigueur	2
rivage	rive	receive	2
rivages	rive	receive	2
robustes	robuste	robust	3
robustesse	robuste	robust	3
rom	romani	romani	4
roma	romani	romani	4
roms	romani	romani	4
root	racines	racine	2
root	racine	racine	2
rouille	rusty	rusty	3
rouillé	rusty	rusty	3
rouillée	rusty	rusty	3
roulant	roll	rode	2
roulant	roll	rolled	2
roulant	roll	roller	2
roulant	roll	rolls	2
rouleau	roll	rode	2
rouleau	roll	rolled	2
rouleau	roll	roller	2
rouleau	roll	rolls	2
roulement	roll	rode	2
roulement	roll	rolled	2
roulement	roll	roller	2
roulement	roll	rolls	2
rouler	roll	rode	2
rouler	roll	rolled	2
rouler	roll	roller	2
rouler	roll	rolls	2
roumain	roumaine	rumen	3
roumains	roumaine	rumen	3
rouquin	rousses	roux	6
rouquin	rousses	rufous	6
rouquin	rousse	roots	6
rouquin	rousse	roux	6
rouquin	rousse	rufous	6
rouquin	roux	roux	6
rouquin	rouge	rouge	4
rouquin	rouge	rouges	4
rouquin	rouges	rouge	4
rouquin	rouges	rouges	4
routier	route	root	2
ruby	rubis	ruby	3
réf	ref	ref	2
réformer	reforme	reform	4
réformer	reforme	reforms	4
réformer	réforme	reform	4
réformer	réformes	reform	4
réfrigérateur	frigo	frigo	5
réfrigérateurs	frigo	frigo	5
répondait	répondit	remedy	2
répondu	répondit	remedy	2
résilience	résistance	receipt arse	3
résistances	résistance	receipt arse	5
résistant	résistance	receipt arse	5
résistante	résistance	receipt arse	3
résistantes	résistance	receipt arse	3
résistants	résistance	receipt arse	5
résiste	résistent	easiest	3
résister	résistent	easiest	3
rétorsion	riposte	reinforced	4
rôtir	rôti	rutty	2
rôtis	rôti	rutty	2
saami	samis	saami	3
saami	samis	sami	3
saami	samis	sámi	3
saami	sami	saami	3
saami	sami	sami	3
saami	sami	sámi	3
sachsen	saxe	saxe	3
sacré	saintes	set	5
sacré	sainte	set	5
saint	saintes	set	5
saint	sainte	set	5
saints	saintes	set	2
saints	sainte	set	2
saison	saisons	says	2
salvo	salve	resolve	2
salvo	salve	salve	2
salvo	salve	solve	2
salvo	salve	solved	2
salé	sel	sel	4
salé	sel	sell	4
salée	sel	sel	3
salée	sel	sell	3
salées	sel	sel	3
salées	sel	sell	3
salés	sel	sel	3
salés	sel	sell	3
saucy	sassy	sassy	2
saucy	sassy	saucy	2
sauvegarder	sauver	sophie	2
saxo	sax	sax	3
saxophone	sax	sax	3
scellée	sceaux	so	2
scellée	scellé	sealer	2
scellées	sceaux	so	2
scellées	scellé	sealer	2
scellés	sceaux	so	3
scellés	sceau	so	2
scellés	scellé	sealer	2
schistes	schiste	east	2
schistes	schiste	schist	2
schistes	schiste	sheet	2
schistes	schiste	shiest	2
sci	sic	secret	4
sci	sic	seek	4
sci	sic	seeking	4
sci	sic	seeks	4
sci	sic	slick	4
sci	sic	speak	4
sci	cis	cei	4
scoutisme	scouts	scoot	2
sectoriel	secteur	sector	2
sectorielle	secteur	sector	2
sectorielles	secteur	sector	2
semer	semis	semi	3
sentait	senti	saudi	3
sentence	peines	ben	2
sentence	peines	pen	2
sentence	peines	pens	2
sentence	peine	ben	2
sentence	peine	pain	2
sentence	peine	pen	2
sentence	peine	pence	2
sentence	peine	penning	2
sentence	peine	pennis	2
sentence	peine	pens	2
sentence	peine	person	2
sentence	peine	pin	2
sentence	peine	spencer	2
sentence	peine	spent	2
sentie	senti	saudi	3
sentis	senti	saudi	2
serge	sergueï	sergei	3
sergei	sergueï	sergei	3
sergey	sergueï	sergei	2
serial	séries	city	2
serial	séries	surrey	2
serial	série	scary	2
serial	série	setae	2
serial	série	steady	2
serial	série	story	2
serial	série	summary	2
serial	série	surrey	2
seven	sept	said	2
seven	sept	says	2
seven	sept	sent	2
seven	sept	sept	2
seven	sept	set	2
seven	sept	sets	2
sevilla	seville	seville	2
sheikh	cheik	cheque	3
sister	sis	cf	2
sister	sis	sea	2
sister	sis	see	2
sister	sis	si	2
skateboard	skate	skeet	3
skateboard	skate	skid	3
skateboard	skate	skit	3
sky	ciel	yell	2
slide	slip	slap	3
slide	slip	slapped	3
slide	slip	sleep	3
slide	slip	slim	3
slide	slip	slip	3
soeur	sis	cf	2
soeur	sis	sea	2
soeur	sis	see	2
soeur	sis	si	2
soliste	solo	solo	2
sommaires	synthèse	setters	2
son	ses	say	2
son	sa	sigh	2
sortilège	sort	sore	2
sortilège	sort	sorta	2
sortilège	sort	sorter	2
soudain	soudaine	sudan	2
soudain	soudaine	susan	2
soudainement	soudaine	sudan	2
soudainement	soudaine	susan	2
soupire	soupir	superior	2
soupirs	soupir	superior	2
souplesse	flexible	flexible	2
souplesse	flexibles	flexible	2
spartiate	sparte	spotted	2
spirit	esprit	esprit	2
sporadiquement	sporadique	sporadic	2
sporadiquement	sporadiques	sporadic	2
sportif	sport	sports	2
sportive	sport	sports	2
spécification	spec	spec	2
spécifications	spec	spec	2
src	nfs	nfs	2
sse	sbs	sbs	2
stadium	stade	stab	4
stadium	stade	stan	4
stadium	stade	stance	4
stadium	stade	stand	4
stadium	stade	standard	4
stadium	stade	stanford	4
stadium	stade	starred	4
stadium	stade	start	4
stadium	stade	started	4
stadium	stade	stated	4
stadium	stade	stats	4
stadium	stade	stored	4
stadium	stade	strand	4
stadium	stade	stud	4
stadium	stade	stunned	4
stadium	scène	sen	3
stadium	scène	sense	3
stefan	stephen	stefan	5
stefan	stephen	stephan	5
stefan	stephan	stefan	5
stefan	stephan	stephan	5
steven	stephen	stefan	5
steven	stephen	stephan	5
steven	stephan	stefan	5
steven	stephan	stephan	5
stingray	skate	skeet	2
stingray	skate	skid	2
stingray	skate	skit	2
stone	pierre	pair	2
stone	pierre	pierre	2
stone	pierre	pure	2
stone	pierres	pierre	2
stress	stressé	stress	2
stress	stressé	stressed	2
stupéfiant	amazing	amazing	2
stéphane	stephen	stefan	7
stéphane	stephen	stephan	7
stéphane	stephan	stefan	5
stéphane	stephan	stephan	5
sucré	soft	soft	2
sucré	soft	softly	2
sucré	soft	softness	2
supposer	suppose	supers	2
supposez	suppose	supers	2
supposons	suppose	supers	2
suspicieux	suspect	suspect	2
suspicieux	suspect	suspects	2
suspicieux	suspecte	suspect	2
suspicieux	suspecte	suspects	2
suspicieux	suspects	suspect	2
suspicieux	suspects	suspects	2
suspicieux	suspectes	suspect	2
suspicieux	suspectes	suspects	2
sylvan	sylvester	sylvester	3
sylvan	sylvester	sylvestre	3
sylvan	sylvestre	sylvester	3
sylvan	sylvestre	sylvestre	3
sylvia	sylvie	sylvie	2
synthèses	synthèse	setters	2
séjour	reste	arrest	2
séjour	reste	rest	2
séjour	reste	rested	2
séjour	reste	restive	2
séjour	reste	rust	2
séjour	reste	stressed	2
séjour	reste	wrest	2
séjour	rester	rest	2
sélectif	sélectives	selective	2
sélectif	sélective	selective	2
sélectifs	sélectives	selective	2
sélectifs	sélective	selective	2
sélectivité	sélectives	selective	2
sélectivité	sélective	selective	2
séville	seville	seville	2
sœur	sis	cf	2
sœur	sis	sea	2
sœur	sis	see	2
sœur	sis	si	2
tap	toucher	touche	2
tap	touchez	touche	2
taper	type	tip	2
tapez	type	tip	2
tasses	coupes	cooper	2
tasses	coupes	coup	2
tasses	coupes	coupe	2
tchadien	tchad	chad	3
tchadien	tchad	chartered	3
tchadienne	tchad	chad	2
tchadienne	tchad	chartered	2
tchadiens	tchad	chad	2
tchadiens	tchad	chartered	2
technologique	technologies	technology	3
technologique	technologie	technologies	2
technologique	technologie	technology	2
tentes	tente	tight	2
teresa	thérèse	terrors	2
terrorisme	terreur	terror	2
thoracique	torse	toss	2
tmr	fmc	fmc	2
toe	tep	tep	2
tomé	tome	term	2
torsion	twist	twist	3
touchant	toucher	touche	2
touchant	touch	touche	2
touchant	touche	touche	2
touchant	touchez	touche	2
touchante	toucher	touche	2
touchante	touch	touche	2
touchante	touche	touche	2
touchante	touchez	touche	2
touché	touchdown	touchdown	2
touchée	touchdown	touchdown	2
touchés	touchdown	touchdown	2
tournée	tour	tutor	3
tournée	tours	tour	2
tournée	tours	tutor	2
tournées	tours	tour	3
tournées	tours	tutor	3
tournées	tour	tutor	2
tower	tour	tutor	2
trace	traces	dross	2
trace	traces	truss	2
tracer	traces	dross	2
tracer	traces	truss	2
tracé	traces	dross	2
tracé	traces	truss	2
trafic	traite	drat	2
trafic	traite	dread	2
trafic	traite	trait	2
trafic	traite	tread	2
trafic	traite	treed	2
trafic	traite	tret	2
trafics	traite	drat	2
trafics	traite	dread	2
trafics	traite	trait	2
trafics	traite	tread	2
trafics	traite	treed	2
trafics	traite	tret	2
trahison	traîtrise	treachery	3
traitement	transforme	transform	2
traitement	transforme	transformed	2
traitement	transforme	transforming	2
traitement	transforme	transforms	2
traitre	traîtresse	treacherous	3
traitées	transformés	transformed	3
traités	transformés	transformed	3
tramway	tram	from	4
tramway	tram	tram	4
tramways	tram	from	4
tramways	tram	tram	4
transfer	transfert	transferred	2
transfer	transfert	transfers	2
transformation	transforme	transform	4
transformation	transforme	transformed	4
transformation	transforme	transforming	4
transformation	transforme	transforms	4
transformation	transformer	transform	3
transformation	transformer	transforms	3
transformation	transformant	transform	2
transférer	transfert	transferred	2
transférer	transfert	transfers	2
transports	transport	transported	3
traversier	ferries	ferries	2
traversier	ferries	ferry	2
traversiers	ferries	ferries	2
traversiers	ferries	ferry	2
traître	traîtresse	treacherous	3
traîtres	traîtresse	treacherous	3
trier	tri	titty	3
trier	tri	tree	3
trier	tri	treen	3
trier	tri	tricky	3
trier	triage	triage	3
triple	triplé	triply	5
triplement	triplé	triply	2
tripler	triplé	triply	5
triples	triplé	triply	5
trolls	troll	trawl	2
tronc	torse	toss	2
tronçon	stretch	stretch	2
tronçon	stretch	stretched	2
tronçon	stretch	stretches	2
tronçon	stretch	stretching	2
trophée	trophy	trophies	3
trophée	trophy	trophy	3
trophées	trophy	trophies	3
trophées	trophy	trophy	3
turin	torino	torino	2
turtle	tortue	tortue	2
turtle	tortues	tortue	2
têtes	tête	taut	2
têtes	tête	tend	2
têtes	tête	tipped	2
vain	vaine	vent	2
vains	vaine	vent	2
valletta	valette	valette	2
vaniteux	vaine	vent	2
vanité	vaine	vent	2
vera	velma	velma	3
veronica	véronique	véronique	2
verte	vert	very	2
verte	vertes	vet	2
veux	veulent	velour	2
vigne	vignes	vigne	6
vigne	vignes	vignes	6
vigne	vine	vigne	4
vignoble	vignes	vigne	6
vignoble	vignes	vignes	6
vignoble	vine	vigne	4
vignobles	vignes	vigne	6
vignobles	vignes	vignes	6
vignobles	vine	vigne	4
viking	vikings	vikings	2
vinicole	vignes	vigne	2
vinicole	vignes	vignes	2
vinny	vinnie	vinnie	2
vinny	vinnie	vinny	2
voix	votes	vote	6
votants	votes	vote	3
vote	votes	vote	6
voter	votes	vote	3
votez	votes	vote	3
voulez	veulent	velour	2
vouloir	veulent	velour	2
véra	velma	velma	3
watts	watt	what	2
weekend	weekends	weekends	2
west	ouest	newest	2
west	ouest	quest	2
west	ouest	went	2
west	ouest	west	2
west	ouest	western	2
west	ouest	wished	2
western	ouest	newest	2
western	ouest	quest	2
western	ouest	went	2
western	ouest	west	2
western	ouest	western	2
western	ouest	wished	2
whiskey	scotch	sketch	3
whisky	scotch	sketch	5
xvi	sixteenth	sixteenth	3
xvie	sixteenth	sixteenth	3
yougoslavie	yougoslaves	yugoslav	3
yougoslavie	yougoslave	yugoslav	3
écho	echo	echo	2
écho	echo	echoes	2
échos	echo	echo	2
échos	echo	echoes	2
électrode	électrodes	electrode	2
élitiste	elite	elite	3
élitiste	élites	elite	3
élitiste	élite	elite	3
émergente	naissante	nest	2
éprouvé	prouvés	proved	2
éprouvé	prouvés	proven	2
éprouvé	prouvées	proved	2
éprouvé	prouvées	proven	2
éprouvé	prouvée	proved	2
éprouvé	prouvée	proven	2
éprouvé	prouvé	proved	2
éprouvé	prouvé	proven	2
étienne	stephen	stefan	7
étienne	stephen	stephan	7
étienne	stephan	stefan	5
étienne	stephan	stephan	5
